#{"t_start": 1764136535.040021, "env_id": "CityDrone-v0"}
r,l,t
-55.933981,15,1.143848
-61.8888,19,1.153415
-52.9,5,1.156056
-51.5,3,1.157999
-50.1,1,1.178221
-49.7888,3,1.182759
-50.4,3,1.185061
-50.1,1,1.185875
-50.8,2,1.188491
-113.759884,143,1.260378
-49.665737,3,1.262296
-268.027952,233,1.374576
-51.356726,5,1.379295
-52.5,6,1.382292
-52.5,3,1.383953
-50.1,1,1.384664
-55.270505,12,1.391265
-54.9,8,1.395016
-56.815683,8,1.399487
-51.59902,3,1.40108
-49.478586,2,1.403251
-61.875579,18,1.4112
-51.5,3,1.413269
-59.863758,15,1.419962
-51.868359,5,1.4234
-61.561026,26,1.43503
-52.262258,4,1.437024
-51.5,3,1.438569
-54.393444,11,1.444397
-50.857929,2,1.445564
-51.1,4,1.447727
-83.386508,45,1.467997
-50.1,1,1.469795
-51.54845,3,1.471368
-50.614835,10,1.475875
-67.614719,10,1.480662
-51.5,3,1.483298
-50.8,2,1.484383
-50.1,1,1.48515
-58.14003,17,1.49285
-50.8,2,1.495393
-50.842796,2,1.496645
-53.9,8,1.500301
-51.342641,7,1.503553
-50.8,2,1.505949
-52.243769,4,1.508
-48.965737,2,1.509153
-64.237114,20,1.518879
-71.9,36,1.538624
-52.868653,8,1.542272
-52.2,4,1.544651
-63.707151,27,1.556117
-51.5,3,1.558943
-61.808204,7,1.562585
-213.976961,232,2.56244
-58.232517,14,2.568958
-241.938681,232,2.682566
-76.044632,36,2.697566
-52.2,4,2.699396
-51.78011,3,2.70087
-53.96986,9,2.707031
-263.428175,243,2.815181
-50.1,1,2.815894
-144.96086,83,2.851975
-253.680741,68,2.884377
-54.353228,14,2.890571
-51.423073,5,2.892937
-59.4,13,2.898777
-50.1,1,2.900934
-51.1,1,2.901836
-55.3,7,2.904858
-50.1,1,2.905606
-57.555053,16,2.913525
-50.1,1,2.914231
-50.8,2,2.915346
-53.972136,6,2.918114
-51.8,2,2.920206
-50.335346,4,2.922604
-61.5,13,2.928421
-185.24949,75,2.961287
-50.1,1,2.963345
-51.545361,3,2.96481
-52.274736,7,2.967877
-50.8,2,2.968979
-51.5,3,2.971438
-50.1,1,2.97221
-53.9,5,2.974749
-55.6,6,2.977502
-58.971573,17,2.987061
-54.636106,12,2.992628
-60.31803,30,3.005279
-72.548469,41,4.270308
-52.412216,5,4.27394
-50.1,1,4.274644
-52.9,5,4.277455
-51.8,2,4.278927
-55.723106,12,4.285988
-56.6,9,4.290907
-51.8,2,4.292057
96.3,13,4.29892
-59.3,16,4.307102
-74.834483,12,4.312695
-52.531179,7,4.315802
-53.948912,8,4.319701
-58.452697,23,4.331158
-53.5,6,4.334159
-51.544632,3,4.335643
-70.23029,13,4.34133
-53.636106,6,4.348451
-52.5,3,4.353953
-62.053515,16,4.364063
-52.499086,9,4.368073
-213.366188,237,4.48452
-54.9,8,4.488083
-52.958322,5,4.490994
-52.24813,9,4.495631
-50.4,3,4.498662
-50.1,1,4.499479
-73.433981,22,4.509769
-50.833981,6,4.512953
-51.7,8,4.517885
-50.8,2,4.519074
-54.1888,8,4.522715
-52.5,3,4.524233
-53.8,8,4.529326
-54.062278,8,4.533393
-50.650124,5,4.535841
-52.8,5,4.539011
-54.6,6,4.543022
-67.675445,7,4.546408
-59.0,11,4.551316
-55.240823,9,4.555267
-198.692875,52,4.579141
-49.218436,2,4.580698
-57.9,17,4.588556
-67.663932,23,4.598502
-53.548912,6,4.602502
-54.20508,5,4.604788
-54.8,11,4.60959
-50.4,3,4.611289
-48.7,2,4.613813
-51.5,3,4.615387
-78.571769,30,4.628049
-52.969048,8,4.632469
-50.1,1,4.634413
-61.849876,17,4.641964
-53.535136,9,4.646492
-56.357929,7,4.649658
-52.571068,6,4.653417
-68.2,26,4.664859
-50.1,1,4.665565
-51.737975,4,4.667489
-68.691796,23,4.678411
-50.292022,4,4.680781
-60.653082,17,4.688928
-55.2,7,4.692174
-50.1,1,4.694102
-50.1,1,4.69491
-213.858903,227,5.804128
-71.051142,36,5.819666
-61.523057,16,5.827738
-91.922784,26,5.841073
-51.5,3,5.84258
-50.1,1,5.843377
-67.8,30,5.857144
-51.307924,7,5.860311
-56.71044,15,5.867209
-50.1,1,5.867929
-266.230146,239,5.973208
-51.816625,3,5.974678
-54.955048,8,5.978314
-58.437722,12,5.983661
-50.1,1,5.986249
-50.1,1,5.987072
-51.042641,5,5.989415
-51.858322,2,5.990612
-60.440893,19,6.000334
-58.7,12,6.00599
-53.2,4,6.007977
-49.7,5,6.010647
-50.8,2,6.013122
-54.3,7,6.016621
-54.9,5,6.02078
-221.9,237,6.141949
-54.862278,5,6.148088
-59.755048,18,6.15847
-50.1,1,6.159256
-52.679766,6,6.162606
-53.521505,9,6.169627
-59.0,8,6.173326
-50.1,1,6.174599
-50.855385,2,6.176905
-50.1,1,6.180817
-260.78034,238,7.678859
-70.253789,35,7.693602
-58.3,10,7.698103
-51.5,3,7.701122
-62.363068,24,7.711031
-52.5,3,7.712776
-50.8,2,7.714157
-55.2,7,7.718609
-59.7,9,7.72244
-50.1,1,7.72315
-204.838182,226,7.828641
-63.285056,13,7.835746
-54.943769,5,7.838013
-73.864414,43,7.856102
-60.411954,22,7.865853
-50.446602,4,7.869939
-59.054074,17,7.877341
-104.17938,45,7.896924
-50.8,2,7.897974
-50.8,2,7.900301
-57.17938,9,7.904454
-62.941451,18,7.912175
-50.1,1,7.912862
-53.5,6,7.916599
-74.461781,37,7.932666
-154.604286,43,7.950851
-92.882168,22,7.95994
-66.798039,19,7.969396
-51.544632,3,7.970989
-54.048845,8,7.974637
-53.5,9,7.978494
-65.670361,27,7.991205
-258.552149,115,8.039983
-86.721656,29,8.052229
-53.636106,6,8.054882
-50.1,1,8.056899
-50.8,2,8.058229
-50.064337,3,8.059743
-57.761026,13,8.065582
-56.883346,12,8.071864
-50.1,1,8.072729
-227.745881,241,9.014241
-50.1,1,9.014961
-57.149876,11,9.021044
-50.1,1,9.021726
-49.178976,2,9.022868
-50.8,2,9.023923
-77.124555,26,9.036079
-49.788726,3,9.037592
-50.1,1,9.038438
-52.565373,3,9.040176
-51.8,5,9.043618
-52.5,6,9.046658
-55.3,7,9.049895
-53.5,3,9.051466
-50.1,1,9.053263
-50.1,1,9.054029
-63.47814,20,9.062447
-54.846211,9,9.066504
-50.8,2,9.068685
-56.0,11,9.073307
-79.619544,25,9.084264
-50.653082,4,9.086195
-102.212382,45,9.106528
-56.2,16,9.113425
-56.3,10,9.117778
-52.9,5,9.120045
-50.1,1,9.121751
-53.681146,19,9.12978
-61.8,18,9.138146
-57.475417,10,9.142464
-50.1,1,9.144136
-54.657929,6,9.14707
-51.5,3,9.148707
-50.8,2,9.149766
-80.9,14,9.156739
-68.55947,26,9.167591
-48.892022,2,9.168941
-56.670361,9,9.172894
-53.2,4,9.176066
-58.363932,15,9.183725
-50.8,2,9.184878
-55.6,9,9.188859
-50.1,1,9.191026
-53.614214,4,9.193187
-54.2,4,9.195212
-57.0,8,9.199061
-50.1,1,9.202489
-49.404515,3,9.204222
-56.7,9,9.20828
-51.5,3,9.209825
-57.779611,9,9.215372
-52.578569,3,9.216909
-51.1,4,9.218816
-51.8,2,9.219891
-53.9,8,9.224447
-114.506873,37,9.240186
-82.03325,41,9.257479
-90.6,65,9.284534
-51.1,1,9.286425
-51.5,3,9.288173
-50.1,1,9.288943
-73.383346,38,9.30584
-51.8,2,9.309539
-216.743618,232,9.41059
-51.557929,3,9.412086
-51.188726,5,9.414338
-52.31529,7,10.0373
-50.1,1,10.038044
-53.665021,5,10.040752
-55.7,9,10.044574
-50.8,2,10.046895
-50.1,1,10.047581
-56.7,9,10.051813
-50.328392,4,10.05373
-51.892061,5,10.057126
-50.847782,2,10.058348
-56.525441,14,10.064901
-50.618436,4,10.066927
-97.592547,102,10.114277
-50.8,2,10.115453
-59.4,10,10.120278
-51.568359,3,10.121813
-52.946324,5,10.125385
-72.044632,30,10.138233
-126.466976,53,10.160785
-54.2,7,10.164034
-54.278206,8,10.169018
-50.379546,4,10.171017
-54.2,4,10.172984
-60.044108,11,10.177858
-50.1,1,10.179807
-49.731179,3,10.181299
-55.246324,10,10.185693
-57.0,8,10.189593
-52.5,6,10.19344
-50.8,2,10.194627
-57.521063,8,10.198421
-51.005563,9,10.202916
-54.6,6,10.206798
-62.2,14,10.212835
-92.28284,36,10.228496
-52.533462,4,10.23054
-51.418888,5,10.234154
-49.411695,3,10.235676
-54.3,7,10.238831
-50.215492,4,10.240806
-51.535311,3,10.243468
-50.8,2,10.244526
-69.789839,34,10.260132
-53.2,4,10.262554
-50.494449,4,10.265798
-54.45373,10,10.270055
-51.5,3,10.271576
-59.934061,14,10.277768
-61.552852,19,10.286982
-88.385111,31,10.300361
-50.360818,4,10.302278
-51.539841,3,10.303824
-50.8,2,10.305933
-53.2,4,10.307977
-50.471573,9,10.311999
-55.245361,10,10.316359
-51.5,3,10.319313
-52.9,5,10.321928
-50.842796,2,10.323169
-51.8,2,10.324245
-54.2,7,10.328372
-50.1,1,10.329118
-50.8,2,10.330696
-56.2,13,10.336295
-50.1,1,10.337985
-53.383346,4,10.339972
-53.9,5,10.342292
-50.8,2,10.343415
-143.510988,129,10.398606
-52.8,8,10.40208
-52.9,5,10.40432
-51.148602,5,10.406676
-67.182781,24,10.418263
-206.707125,235,11.16214
-59.506873,16,11.169914
-50.654639,5,11.172365
-59.385165,17,11.18165
-49.674298,3,11.183741
-50.8,2,11.184951
-53.9,5,11.187604
-50.1,1,11.189428
-49.592022,3,11.191131
-52.365737,7,11.194588
-53.9,8,11.198165
-54.9,5,11.202265
-50.1,1,11.20316
-54.616437,10,11.208405
-57.363758,13,11.214355
-50.1,1,11.216493
-50.844632,2,11.21762
-50.839223,2,11.218784
-54.136068,5,11.221212
-53.5,3,11.224119
-50.1,1,11.224855
-54.2,4,11.226877
-52.674083,6,11.229765
-52.2,4,11.23312
-50.8,2,11.234301
-53.255048,4,11.236465
-50.1,1,11.237257
-55.5,12,11.244242
-50.804515,5,11.247481
-59.341438,14,11.253846
-64.66563,24,11.265288
-50.1,1,11.267004
-52.2,4,11.269129
-52.2,4,11.271669
-54.9,8,11.275342
-53.235136,4,11.278726
-52.54264,6,11.282079
-55.710434,6,11.284882
-51.560413,3,11.286937
-55.351142,13,11.294258
-49.607924,3,11.296212
-51.5,3,11.297868
-51.5,3,11.299442
-247.480104,236,11.416149
-50.1,1,11.417085
-50.071435,3,11.418638
-53.2,4,11.421017
-76.319981,14,11.430547
-51.1,4,11.433314
-53.587079,9,11.437951
-109.282576,74,11.475378
-49.651936,6,11.479747
-58.7,9,11.484405
-57.0,11,11.490585
-52.8,8,11.494167
-199.295895,135,11.566341
-50.878569,2,11.567593
-51.548912,3,11.569881
-50.8,2,11.571156
-51.5,3,11.574815
-50.538351,3,11.577079
-52.5,3,11.578741
-59.048912,11,11.584018
-202.583046,166,11.676078
-56.370361,10,11.680997
-50.1,1,11.682357
-58.378976,11,12.856964
-55.622876,12,12.864449
-53.655233,9,12.869031
-56.0,8,12.872779
-57.752559,9,12.87766
-52.5,3,12.880357
-50.8,2,12.881538
-53.588726,7,12.885492
-50.1,1,12.886193
-51.570361,3,12.889022
-53.9,5,12.892515
-54.6,6,12.895356
-50.1,1,12.896065
-53.8,11,12.903256
-52.2,4,12.905377
81.549876,60,12.933786
-84.433862,25,12.945393
-56.281146,9,12.950985
-51.84264,5,12.953529
-63.6,24,12.964869
-52.2,4,12.966847
-56.6,9,12.972715
-51.8,2,12.973885
-50.8,2,12.975056
-50.1,1,12.975762
-64.558722,22,12.986166
-53.9,8,12.99015
-50.1,1,12.990848
-55.2,13,12.996404
-51.8,2,12.998616
-68.0,24,13.00904
-64.652008,25,13.020235
-52.9,5,13.02264
-279.088569,257,13.137021
-100.374518,26,13.14753
-55.335136,7,13.150512
-55.963758,11,13.155073
-98.998246,15,13.163807
-68.758613,25,13.174704
-51.216046,3,13.176263
-50.8,2,13.177385
-86.742006,13,13.184627
-221.198637,239,13.287887
-53.2,4,13.2899
-58.930961,12,13.294818
-107.858235,99,14.319553
-50.1,1,14.320348
-255.201754,234,14.431537
-50.1,1,14.432321
-52.946324,5,14.436437
-237.613933,245,14.546948
-49.454144,3,14.548542
-51.581651,3,14.549994
-80.274599,15,14.557941
-50.1,1,14.558717
-54.814437,6,14.561982
-62.228927,10,14.566554
-50.1,1,14.568465
-54.9,5,14.570895
-53.5,6,14.574128
-53.9,5,14.576803
-79.89536,38,14.595166
-92.777226,37,14.611098
-240.369805,238,14.713835
-65.878206,19,14.722044
-250.017843,239,15.580736
-53.422876,7,15.584176
-47.178639,14,15.590688
-57.3,10,15.595056
-55.3,7,15.600011
-52.2,4,15.60194
-50.1,1,15.602628
-53.916625,6,15.60537
-50.1,1,15.607472
-50.1,1,15.608305
-54.2,7,15.61156
-60.901017,21,15.62103
-50.642641,3,15.623557
-54.099495,10,15.627988
-51.863758,5,15.630382
-74.312302,24,15.641845
-55.456493,19,15.650975
-50.8,2,15.652139
-51.432056,4,15.65465
-60.357354,9,15.658944
-50.8,2,15.661036
-201.381747,232,15.767584
-54.2,7,15.770654
-68.563932,35,15.785151
-54.6,6,15.789622
-60.0,11,15.794179
-52.84332,16,15.801968
-66.2,20,15.810347
-51.1,1,15.81228
-50.1,1,15.812955
-54.371068,7,15.816028
-330.733981,231,15.923678
-50.1,1,15.926166
-57.4,10,15.930544
-52.881738,6,15.933272
-66.815472,7,15.936626
-72.563758,28,15.950052
-58.0,11,15.954739
-52.5,6,15.957567
-53.2,4,15.959531
-79.409878,10,15.965212
-56.763932,22,15.97488
-53.558322,6,15.977569
-51.5,3,15.979104
-50.1,1,15.980926
-50.861781,2,15.982039
-53.524555,10,16.739635
-51.130004,5,16.742007
-52.2,4,16.745323
-52.5,3,16.74703
-57.536068,16,16.753826
-68.840866,51,16.775227
-57.617759,14,16.78228
-223.47067,237,16.883079
-52.709042,6,16.885982
-50.8,2,16.887078
-50.10551,4,16.891235
-59.428038,19,16.899616
-88.586192,33,16.914429
-62.291203,17,16.922196
-54.594463,10,16.92909
-53.2,4,16.930985
-50.1,1,16.931729
-50.8,2,16.932815
-60.1,11,16.938883
-50.4,3,16.940415
-64.782763,21,16.950127
-50.1,1,16.950835
-50.1,1,16.952628
-54.26337,8,16.956221
-54.2,4,16.958126
-58.535346,13,16.963877
-48.919544,2,16.966024
-50.8,2,16.967156
-55.049876,8,16.970921
-50.8,2,16.971995
-57.601018,13,16.978694
-50.1,1,16.979455
-52.217986,4,16.981449
-77.023454,8,16.985386
-50.1,1,16.987173
-51.56262,5,16.989521
-52.066019,6,16.992227
-50.839841,2,16.993288
-50.8,2,16.995387
-54.3,7,16.998493
-64.591796,12,17.004031
-49.669349,3,17.005559
-52.236934,5,17.008839
-50.1,1,17.009592
-51.830004,6,17.012285
-116.429247,31,17.025872
-52.797954,8,17.030368
-51.5,3,17.031883
-54.6,6,17.034489
-49.063258,7,17.037802
-58.852624,21,17.047748
-51.8,2,17.049074
-63.84264,18,17.057011
-277.766162,243,17.160984
-50.1,1,17.163476
-52.5,3,17.165219
-52.3314,8,17.168834
-52.9,5,17.171086
-50.737941,7,17.175758
-56.3,10,17.179995
-62.267669,6,17.182819
-50.855728,2,17.184019
-50.8,2,17.186527
-67.33117,22,17.19615
-64.172136,24,18.402265
-64.327426,25,18.413807
-51.8,2,18.416612
-56.671068,9,18.420825
-50.8,2,18.421974
-50.4,3,18.423499
-53.5,6,18.427226
-54.9,8,18.430788
-50.1,1,18.431555
-53.9,5,18.434168
-54.5,9,18.439532
-50.8,2,18.440614
-51.5,3,18.442141
-72.803124,41,18.461127
-107.868359,95,18.503102
-53.2,7,18.50636
-52.9,5,18.508622
-50.279766,4,18.51046
-62.045361,23,18.52144
-65.817699,14,18.527626
-50.1,1,18.528376
-63.646324,19,18.536554
-51.562258,3,18.539718
-50.1,1,18.540535
-50.8,2,18.54175
-62.4,19,18.549775
-228.740893,239,18.654466
-50.35373,4,18.656427
-49.565021,2,18.65756
-267.530952,243,18.759242
-48.786971,2,18.762234
-51.416437,4,18.7643
-204.891622,231,19.612928
-59.236068,14,19.619873
-54.233462,5,19.623775
-50.1,1,19.624494
-51.5,3,19.625983
-49.482763,3,19.627497
-57.165183,17,19.636252
-51.5,3,19.637804
-52.359816,6,19.641145
-49.394449,4,19.643613
-53.24845,4,19.6467
-53.2,4,19.648739
-53.558207,5,19.651233
-63.592791,20,19.660028
-50.1,1,19.661806
-52.182781,8,19.665279
-51.8,5,19.667783
-54.958322,5,19.670387
-63.180363,17,19.678849
-50.1,1,19.679532
-64.9,21,19.689406
-71.650685,12,19.694511
-63.968359,15,19.701755
-52.548912,6,19.704885
-56.230961,11,19.709783
-51.8,5,19.712033
-62.5,16,19.720228
-184.232944,218,19.814151
-52.5,6,19.816803
-53.319535,4,19.818689
-50.1,1,19.820972
-50.8,2,19.822231
-50.1,1,19.822937
-70.0412,31,19.835663
-59.475226,11,19.842441
-59.923218,14,19.84872
-54.046257,5,19.851202
-52.991559,6,19.854024
-54.9,5,19.858064
-246.352946,241,19.976423
-221.545694,235,21.543905
-51.5,3,21.545446
-55.754347,9,21.551054
-124.960818,124,21.608193
-51.5,3,21.609743
-55.697133,9,21.613859
-54.931326,14,21.621075
-51.8,2,21.622263
-50.8,2,21.623427
-50.8,2,21.624575
-55.933981,12,21.63332
-54.143762,8,21.637113
-50.855385,2,21.638399
-222.267796,237,21.745426
-53.655385,6,21.750643
-52.232696,6,21.753507
-65.064337,25,21.764074
-263.914719,151,21.827678
-55.531179,13,21.834967
-60.4,13,21.840595
-67.390648,7,21.843813
-50.1,1,21.844487
-50.1,1,21.846501
-51.8,2,21.847675
-49.136934,2,21.848704
-256.191948,236,21.949709
-53.933462,6,21.954494
-50.1,1,21.955237
-100.778937,35,21.971568
-229.025364,231,22.817999
-51.5,3,22.82133
-316.529964,240,22.924343
99.0,3,22.925908
-56.963758,14,22.93163
-83.916987,15,22.939921
-62.123454,26,22.951085
-235.192699,241,23.053699
-51.5,3,23.055193
-52.333222,10,23.061326
-50.8,2,23.062588
-56.7,9,23.066453
-52.648845,6,23.069355
-50.858322,2,23.071613
-50.06442,7,23.07486
-50.8,2,23.075933
-51.692022,6,23.079167
-50.1,1,23.081071
-50.8,2,23.082388
-53.2,4,23.084646
-58.3,19,23.092671
-71.114835,8,23.097338
-56.096152,8,23.100937
-50.1,1,23.101719
-63.7,26,23.112785
-60.1,14,23.119817
-50.8,2,23.120885
-50.1,1,23.121561
-50.8,2,23.122696
-49.782781,3,23.125648
-55.559052,13,23.131238
-50.1,1,23.131926
-53.5,6,23.134657
-213.694804,223,24.42635
-52.903929,6,24.429081
-53.621057,7,24.432235
-50.8,2,24.433358
-66.231179,30,24.447576
-48.785079,5,24.449877
-216.378356,70,24.480378
-50.1,1,24.481195
-50.1,1,24.48312
-262.807936,244,24.588403
-54.08034,5,24.591021
-53.244632,4,24.593821
-50.1,1,24.596591
-50.824086,5,24.599141
-81.778569,55,24.62412
-54.2,4,24.626182
-50.1,1,24.62791
-62.0,20,24.636787
-58.694449,16,24.643923
-50.8,2,24.645029
-50.8,2,24.647397
-62.936314,22,24.657185
-61.458053,18,24.664748
-57.5,12,24.670312
-51.5,3,24.672979
-53.239223,7,24.676093
-57.931179,15,24.682475
-50.1,1,24.683222
-100.353169,21,24.693691
-52.295199,7,24.697061
-103.468552,57,24.721102
-50.1,1,24.721944
-50.1,1,24.723723
-51.516257,6,24.726554
-53.249629,7,24.729689
-50.1,1,24.730355
-50.8,2,24.732705
-53.2,4,24.735085
-51.562258,3,24.73658
-51.5,3,24.738538
-55.436106,7,24.743348
-60.354074,16,24.750037
-57.627952,18,24.758269
-54.378976,8,24.761744
-52.5,3,24.764231
-51.5,3,24.765763
-63.85267,18,24.774048
-50.8,2,24.775235
-54.9,5,24.778563
-87.6,36,24.793983
-53.2,4,24.795863
-50.404515,3,24.797375
-75.758899,47,24.818702
-50.1,1,24.819609
-52.676894,5,24.821974
-50.8,2,24.823169
-71.844632,33,25.797401
-53.555728,6,25.800122
-164.637116,53,25.823273
-66.536711,31,25.836174
-50.8,2,25.838919
-246.497959,229,25.936757
-58.004515,14,25.942615
-385.441353,233,26.049313
-56.338351,13,26.056908
-49.644615,2,26.058318
-51.1,1,26.059035
-51.536711,3,26.060559
-58.900799,22,26.071491
-51.163758,4,26.073955
-51.5,3,26.075428
-50.8,2,26.076533
-54.024038,5,26.080027
-58.909402,13,26.085866
-52.30098,12,26.091349
-57.785128,9,26.095305
-53.949876,8,26.09983
-49.60098,2,26.100971
-244.607919,247,26.209008
-53.370256,7,26.213412
-52.1,7,26.218447
-52.5,3,26.22007
-50.1,1,26.220749
-48.822748,2,26.221858
-61.622215,30,26.237276
-51.1,4,26.239465
-52.2,4,26.241348
-56.7,9,26.245138
-63.282763,22,26.871608
-51.458053,5,26.874019
-52.254074,4,26.87608
-50.8,2,26.877308
-53.258322,4,26.880631
-47.775045,7,26.883822
-50.1,1,26.884627
-67.39902,34,26.899293
-95.291748,44,26.919805
-59.4,10,26.924592
-127.358852,37,26.940624
-169.239354,215,27.040304
-55.6,6,27.044732
-50.8,2,27.045931
-50.1,1,27.046641
-50.1,1,27.047343
-50.1,1,27.049207
-54.820362,9,27.053424
-51.5,3,27.054985
-53.561781,9,27.059329
-54.2,4,27.062503
-53.945361,5,27.065151
-53.236711,4,27.067354
-50.1,1,27.068137
-50.1,1,27.070456
-73.465183,49,27.092478
-50.1,1,27.093217
-54.848845,17,27.101082
-55.221505,10,27.107017
-53.252852,4,27.108947
-50.8,2,27.110046
-417.232954,235,27.218308
-54.6,9,27.22377
-50.8,2,27.224944
-54.24264,7,27.228048
-51.633222,9,27.23236
-63.6,16,27.240365
-56.358722,10,27.245575
-49.583346,3,27.247133
-50.862258,2,27.248217
-232.008634,172,27.324155
-53.952852,5,27.32652
-50.1,1,27.327204
-51.512962,6,27.329853
-55.6,9,27.335405
-50.1,1,27.33617
-107.982576,28,28.335885
-50.8,2,28.337256
-66.178146,7,28.341844
-51.4,6,28.344614
-51.8,2,28.34571
-50.1,1,28.346406
-50.1,1,28.348124
-50.1,1,28.349092
-50.1,1,28.349903
-51.5,3,28.351586
-55.399505,7,28.355732
-52.5,3,28.357228
-77.474492,28,28.369986
-55.85855,11,28.374823
-60.0,17,28.383115
-55.3,7,28.386232
-51.1,1,28.387128
-84.782168,16,28.394218
-50.1,1,28.396055
-55.641349,11,28.401037
-210.080383,124,28.454786
-219.574518,240,28.557207
-56.746932,9,28.563219
-53.5,6,28.566036
-60.119535,8,28.569697
-52.5,6,28.572761
-50.8,2,28.575142
-57.042796,11,28.57997
-52.992061,5,28.582555
-57.385165,11,28.587793
-52.5,3,28.590506
100.0,9,28.594546
-58.6,12,28.599799
-54.957171,8,28.603446
-53.285128,4,28.606543
-53.5,6,28.609193
-54.224555,8,28.612711
-51.5,3,28.614206
-51.861781,5,28.617772
-51.866317,13,28.623458
-53.946324,8,28.627474
-50.1,1,28.628278
-50.8,2,28.630481
-51.8,2,28.631641
-50.8,2,28.632718
-104.156748,60,28.658315
-48.797294,2,28.660667
-52.2,4,28.662564
-57.2,13,28.668153
-56.121713,12,28.673917
-50.307924,4,28.676905
-56.858235,12,28.681981
-53.158053,9,28.686374
-51.1,4,28.688352
-58.6,12,28.694509
-51.5,6,28.697236
-51.46337,7,28.700573
-52.255048,4,28.702561
-86.585369,26,28.714778
-50.277827,3,28.716392
-50.8,2,28.717576
-51.1,1,28.718444
-59.214437,11,28.724277
-64.060413,29,28.738301
-55.506873,9,28.742633
-57.462278,13,28.748116
-60.406104,25,28.759948
-50.1,1,28.760827
-51.538984,3,28.762352
-60.282576,12,28.767586
-61.627797,23,28.778868
-51.8,2,28.780181
-50.947581,5,28.782517
-50.1,1,28.783281
-54.232056,8,28.788088
-50.1,1,28.788814
-50.8,2,28.789983
-63.858053,20,28.798605
-57.0,11,30.035605
-61.28975,36,30.051553
-52.90551,8,30.055373
-64.299732,30,30.067857
-52.9,5,30.071794
-217.144298,224,30.170125
-154.411407,107,30.213789
-50.1,1,30.214456
-51.8,2,30.217743
-50.1,1,30.218539
-141.122907,93,30.25762
-55.337742,21,30.266054
-153.348641,46,30.286784
-58.7,12,30.29199
-50.1,1,30.292673
-50.849876,2,30.293816
-48.778528,2,30.296066
-49.836934,3,30.297576
-52.239223,4,30.299442
-70.44845,23,30.309828
-52.8,2,30.312356
-51.5,3,30.313875
-50.1,1,30.314551
-51.546932,3,30.316031
-58.352624,16,30.324338
-50.732711,4,30.326274
-54.978528,8,30.329935
-57.752559,9,30.334091
-51.5,3,30.337099
-63.571068,16,30.344094
-53.260011,8,30.34778
-50.35097,5,30.350085
-50.1,1,30.351932
-54.036106,5,30.354315
-50.8,2,30.355572
-251.12212,246,30.461011
-210.618837,230,31.405934
-50.1,1,31.406802
-55.207641,11,31.411299
-53.813296,9,31.415312
-80.4,12,31.42198
-51.1,4,31.423926
-58.3,7,31.42693
-52.1,4,31.428976
-50.8,2,31.431387
-56.382763,10,31.435656
-49.724459,3,31.437246
-72.394449,13,31.443372
-50.1,1,31.445158
-51.5,3,31.446611
-52.2,4,31.448488
-212.372382,231,31.547965
-56.049629,8,31.554002
-51.5,3,31.555666
-58.1,11,31.560647
-51.40881,3,31.56222
-50.8,2,31.564652
-223.534058,243,31.669693
-50.1,1,31.670408
-52.5,3,31.67188
-54.5,6,31.676658
-50.1,1,31.677352
-221.641672,227,32.427702
-52.2,4,32.431286
-239.193876,239,32.559891
-61.19902,13,32.566313
-58.971683,15,32.572714
-56.873618,9,32.576643
-75.616625,19,32.586302
-52.614214,7,32.58973
-52.245175,4,32.591692
-50.1,1,32.592393
-247.671068,237,32.705914
-232.493034,246,32.859716
-61.3,25,32.86998
-50.8,2,32.871014
-59.813422,18,32.88005
-58.044415,9,32.884471
-54.2,7,32.88761
-57.7,12,32.893545
-50.8,2,32.896019
-50.878586,4,32.897899
-51.188897,9,32.901966
-244.596128,139,33.787546
-50.1,1,33.789702
-55.365373,7,33.792976
-51.84949,9,33.797012
-48.721505,2,33.798124
-77.236711,25,33.810301
-50.1,1,33.811172
-50.937722,4,33.813223
-51.738968,6,33.8159
-50.424968,4,33.818881
-50.1,1,33.819566
-50.8,2,33.820694
-50.1,1,33.821576
-52.9,5,33.825061
-66.763932,13,33.83092
-80.672136,53,33.853269
-50.1,1,33.853952
-50.1,1,33.856126
-50.1,1,33.857053
-92.054266,14,33.86325
-50.1,1,33.863953
-52.2,4,33.867091
-67.393346,28,33.879512
-50.1,1,33.880332
-51.036068,2,33.881454
-58.3,10,33.886932
-50.882763,2,33.888007
-49.127828,2,33.889415
-51.571068,3,33.890928
-53.2,7,33.895128
-223.006325,240,33.99716
-50.297411,4,33.999093
-50.1,1,33.999776
-55.188726,11,34.006388
-50.1,1,34.007128
-85.400354,34,34.021638
-58.770361,12,34.027161
-57.508527,10,34.032861
-50.460413,3,34.034459
-66.254074,7,34.038108
-51.011488,5,34.040811
-52.282763,4,34.044496
-53.292061,4,34.046498
-52.968068,14,34.05231
-50.1,1,34.053002
-62.135311,17,34.061749
-49.669349,3,34.063292
-51.1,1,34.063994
-60.036068,23,34.074294
-50.1,1,34.076374
-62.295913,21,34.0856
-49.886954,8,34.089293
-88.846211,33,34.103971
-50.1,1,34.105847
-50.1,1,34.106544
-50.1,1,34.107233
-56.685128,12,34.112541
-49.76016,3,34.115334
-50.849876,2,34.116594
-50.861781,2,34.117749
-50.1,1,34.11843
-50.846932,2,34.12067
-50.1,1,34.121357
-50.1,1,34.122039
-50.1,1,34.122885
-50.1,1,34.124779
-58.994449,11,34.12949
-50.8,2,34.130621
-61.062278,7,34.133813
-53.239841,7,34.138302
-51.5,3,34.139821
-53.970361,5,34.142234
-50.1,1,34.142978
-56.591796,7,34.147846
-220.833352,224,35.006652
-210.709673,235,35.12079
-50.1,1,35.121641
-240.74812,244,35.231394
-242.271293,234,35.331533
-59.705551,14,35.339289
-54.436068,13,35.345179
-53.683346,9,35.351053
-57.936068,12,35.35616
-51.806873,8,35.359997
-268.421693,230,36.092783
-86.542641,26,36.105753
-91.131451,22,36.115186
-53.019535,5,36.117539
-53.2,7,36.120918
-50.8,2,36.123148
-63.1,20,36.131586
-60.4,19,36.140096
-50.1,1,36.140789
-285.244272,248,36.252294
-52.585128,3,36.25386
-76.858405,13,36.259656
-50.8,2,36.260802
-53.6,6,36.264934
-66.338984,20,36.273754
-52.271068,4,36.275716
-53.2,4,36.277592
-50.8,2,36.28012
-50.8,2,36.281389
-49.206493,10,36.286265
-56.369854,11,36.291277
-50.1,1,36.293383
-50.1,1,36.294079
-51.1,1,36.294805
-82.91966,71,36.324388
-257.674424,224,36.4184
-50.17379,4,36.420264
-53.935311,5,36.422534
-52.5,3,36.424066
-50.1,1,36.425898
-73.336068,37,36.441509
-76.516043,14,36.447793
-52.8,5,36.450147
-50.1,1,36.451941
-59.345361,10,36.459243
-52.245361,4,36.461162
-61.281319,16,36.46837
-53.454639,6,36.472204
-55.657929,9,36.476585
-50.1,1,36.477287
-50.8,2,36.478341
-52.5,3,36.48091
-57.7,9,36.485293
-139.480035,50,36.507018
-53.6,6,36.509657
-50.1,4,36.512826
-53.2,4,36.514871
-50.1,1,36.515606
-56.044632,8,36.519236
-50.1,1,36.521063
-65.343621,29,36.533381
-53.600307,10,36.538032
-50.8,2,36.539108
-53.5,6,36.543101
-60.172136,12,36.548312
-50.377113,11,36.553355
-53.678569,6,37.377571
-55.030961,14,37.385193
-50.1,1,37.385961
-58.054074,8,37.389505
-50.8,2,37.390623
-50.8,2,37.392752
-50.84264,2,37.393836
-50.8,2,37.394988
-77.358235,33,37.410056
-52.2,4,37.412903
-50.1,1,37.413626
-50.8,2,37.414741
-51.8,2,37.415827
-51.539223,3,37.418299
-53.2,7,37.421335
-55.79902,9,37.425668
-57.219544,11,37.430414
-50.622876,3,37.432838
-50.1,1,37.433592
-50.28999,5,37.436047
-50.1,1,37.436773
-55.413933,12,37.443321
-50.8,2,37.444558
-55.097133,8,37.447982
-49.875226,3,37.449519
-55.670361,6,37.45322
-50.1,1,37.453895
-48.7,2,37.455238
-59.892061,12,37.46033
-52.5,3,37.462884
-50.953082,3,37.464501
-56.591796,10,37.46887
-242.482781,241,37.57465
-51.5,3,37.57745
-50.866557,8,37.581119
-56.046127,11,37.586016
-50.1,1,37.586816
-68.380456,18,37.595807
-52.2,4,37.597725
-55.027427,12,37.603525
-50.8,2,37.604786
-51.1,1,37.606673
-57.927864,9,37.610864
-50.243621,4,37.612791
-50.1,1,37.613468
-56.046324,8,37.618497
-51.5,3,37.620286
-61.305551,18,37.628135
-233.477226,245,37.737164
-54.9,5,37.741009
-63.4,13,37.746517
-56.578569,12,37.752382
-56.123106,8,37.756232
-51.8,5,37.759779
-51.1,4,37.761921
-54.636711,6,37.764566
-50.8,2,37.7657
-50.1,1,37.767314
-54.271068,7,37.770914
-124.78011,129,37.826337
-51.8,5,37.828536
-52.246932,4,37.831549
-50.1,1,37.832214
-50.1,1,37.832982
-162.012382,68,38.865347
-51.1,4,38.868495
-58.080456,16,38.875724
-246.099813,252,38.983546
-49.529165,3,38.98503
-50.8,2,38.98735
-50.8,2,38.988497
-50.8,2,38.989683
-50.8,2,38.990818
-61.7,15,38.998524
-50.1,1,38.999244
-52.249629,4,39.001055
-52.8,2,39.002209
-57.523095,13,39.008989
-50.1,1,39.009683
-53.2,7,39.01271
-58.685128,12,39.018
-61.4,16,39.026623
-60.614437,13,39.032608
-53.939223,5,39.035071
-49.4,3,39.036569
-53.1,10,39.042486
-50.1,1,39.043188
-50.7,5,39.045468
-229.367289,233,39.146141
-73.758895,25,39.158159
-51.54071,4,39.160205
-50.8,2,39.161258
-53.5,6,39.164014
-50.1,1,39.165914
-51.5,3,39.167488
-51.1,1,39.168172
-52.9,5,39.170803
-55.7,9,39.175992
-48.717699,2,39.177142
-50.1,1,39.177822
-53.9,5,39.180275
-66.730146,20,39.190653
-51.585128,3,39.19229
-53.2,7,39.195494
-63.5,19,39.20346
-51.8,5,39.206987
-88.377226,45,39.226268
-49.835841,4,39.228432
-53.136068,5,39.230914
-142.359693,58,39.258188
-118.346715,42,39.276357
-244.626979,231,40.634234
-50.8,2,40.635397
-50.8,2,40.63799
-50.8,2,40.639394
-127.385786,81,40.67496
-49.755124,3,40.676624
-50.1,1,40.678789
-50.838552,5,40.681608
-50.1,1,40.682646
-53.413611,9,40.686594
-52.2,4,40.689752
-51.8,2,40.690888
-52.2,4,40.692914
-249.218538,88,40.731978
-51.148912,4,40.735023
-52.255728,4,40.737269
-70.242609,25,40.748232
-51.8,2,40.749371
-48.7,2,40.751574
-50.8,2,40.752644
-54.9,8,40.756056
-55.369007,7,40.759485
-49.704515,2,40.761672
-50.1,1,40.762462
-51.8,2,40.763519
-50.8,2,40.764613
-51.289516,5,40.767797
-51.8,2,40.768988
-55.6,6,40.772046
-50.1,1,40.77279
-59.631448,16,40.780858
-52.9,5,40.783216
-55.9,11,40.788229
-50.1,1,40.788911
-58.3,13,40.795708
-52.623106,12,40.80073
-51.00098,4,40.802882
-50.8,2,40.804081
-76.3,21,40.813844
-50.1,1,40.814586
-61.635942,9,40.818897
-117.98358,159,40.888301
-51.1,1,40.890274
-51.641428,3,40.891975
-53.626667,9,40.89581
-56.003289,21,40.904699
-50.8,2,40.907177
-54.879334,15,40.913756
-52.2,4,40.915608
-73.603623,22,40.925711
-50.1,1,40.927544
-50.1,1,40.928236
-50.1,1,40.929011
-91.311113,49,40.949538
-53.974126,8,40.954631
-107.114214,30,40.967052
-52.362278,4,40.969039
-50.1,1,40.969783
-120.81323,54,40.994613
-51.555048,3,40.996171
-59.058899,12,41.001237
-50.1,1,41.001974
-48.7,2,41.004225
-58.980456,19,41.012422
-50.8,2,41.01356
-50.1,1,41.014354
-50.1,1,41.016018
-52.5,3,41.017546
-50.1,1,41.018291
-51.276894,6,41.02126
-50.1,1,41.02313
-51.868359,5,41.025431
-57.0,8,41.029113
-50.8,2,41.030239
-53.9,5,41.033506
-57.743769,15,41.808174
-50.1,1,41.808903
-50.8,2,41.810016
-54.545361,9,41.815427
-56.446951,10,41.819672
-54.516449,20,41.828513
-65.89492,23,41.838857
-54.9,5,41.84269
-50.8,2,41.843896
-55.338292,7,41.846958
-195.661317,227,41.945249
-56.536068,7,41.950124
-50.8,2,41.951259
-51.8,2,41.952344
-105.086211,51,41.973875
-261.913813,231,42.07519
-51.5,3,42.076611
-75.346324,38,42.091944
-53.955348,6,42.094525
-51.5,3,42.097785
-53.949629,5,42.10008
-50.8,2,42.101362
-51.811074,4,42.103241
-53.255348,8,42.10976
-53.5,6,42.112472
-50.8,2,42.113653
-62.736068,22,42.123828
-50.8,2,42.12611
-53.6,6,42.128711
-51.5,3,42.130246
-52.545361,6,42.132926
-50.1,1,42.134625
-246.08034,227,42.23402
-52.907641,6,42.236754
-52.5,3,42.238218
-60.1,14,42.245675
-52.2,4,42.247558
-55.398039,16,42.254401
-49.619544,3,43.4984
-307.81891,119,43.550551
-67.832696,32,43.563913
-50.8,2,43.564954
-82.793605,24,43.574716
-49.498144,4,43.577935
-60.848912,26,43.589331
-50.1,1,43.590096
-50.1,1,43.590758
-50.1,1,43.592735
-58.111488,20,43.601376
-57.643769,9,43.606057
-95.389658,12,43.611366
-53.9,5,43.614647
-52.5,3,43.616194
-50.8,2,43.617283
-51.8,2,43.618533
-216.67573,224,43.717165
-93.876608,31,43.729923
-52.244632,4,43.731755
-84.536551,14,43.739189
-57.35097,12,43.746214
-55.743762,12,43.751458
-52.10972,5,43.753905
-52.5,3,43.755513
-51.890958,4,43.758907
-50.8,2,43.759997
-233.075031,252,43.866606
-55.6,6,43.86924
-85.874163,92,43.909706
-50.8,2,43.910847
-50.1,1,43.911541
-56.732711,11,43.916051
-58.038292,11,43.922119
-52.637722,8,43.925623
-122.737048,45,45.163132
-48.781792,5,45.165605
-52.158722,4,45.16882
-51.5,3,45.170988
-50.8,2,45.172106
-48.744445,2,45.173239
-51.182763,4,45.176242
-54.136068,5,45.178636
-56.3,10,45.183314
-50.1,1,45.1841
-51.269048,4,45.18736
-50.1,1,45.188075
-130.83907,124,45.241568
-56.140343,19,45.249523
-50.8,2,45.25179
-59.225046,16,45.25907
-50.1,1,45.25976
-49.004193,4,45.261801
-69.901797,17,45.270105
-55.343769,7,45.273262
-416.478808,237,45.371904
-51.353228,5,45.374162
-51.771683,6,45.378882
-54.954074,5,45.381257
-54.655385,9,45.385182
-58.331932,12,45.390984
-93.138096,63,45.420957
-50.8,2,45.422027
-55.489839,7,45.42542
-50.8,2,45.426492
-97.764219,16,45.434344
-53.629165,9,45.438727
-53.409568,8,45.442379
-152.963932,82,45.476598
-60.989839,15,45.484376
-53.2,4,45.486398
-56.046932,11,45.491201
-58.219535,11,45.495783
-48.822748,2,45.498199
-50.962278,2,45.499273
-139.242638,29,45.512474
-105.286508,90,45.549892
-51.546932,3,45.552837
-58.879611,12,45.558113
-57.0,11,45.562913
-57.464414,13,45.56853
-54.882781,12,45.574945
-57.4,10,45.579195
-50.1,1,45.579939
-50.1,1,45.580678
-53.252559,4,45.584026
-488.444346,229,46.311146
-51.5,3,46.312653
-49.4,3,46.314106
-51.5,3,46.316792
-50.8,2,46.318056
-50.1,1,46.318786
-50.1,1,46.319485
-63.829436,16,46.327781
-53.736068,6,46.330571
-65.184724,15,46.337739
-53.245175,4,46.339804
-306.469854,241,46.443845
-124.328925,46,46.462541
-51.8,2,46.463694
-60.175579,25,46.473844
-51.872136,6,46.478363
-60.168359,11,46.483004
-64.241451,17,46.49049
-53.255385,4,46.492463
-234.44941,225,46.588583
-50.871068,2,46.589678
-51.5,3,46.591174
-51.5,6,46.593811
-51.8,2,46.5968
-73.22221,28,46.608514
-53.970361,5,46.610822
-50.8,2,46.611927
-51.8,2,46.614398
-57.9,8,46.618147
-51.1,1,46.618923
-50.1,1,46.619699
-52.2,4,46.622835
-210.041657,232,47.422963
-49.155348,2,47.424198
-57.7,9,47.428173
-234.251,234,47.529306
-51.5,3,47.530801
-71.2,35,47.54565
-49.40881,3,47.547064
-57.0,8,47.552333
-50.1,1,47.553117
-50.8,2,47.55426
-51.5,3,47.555814
-51.188726,5,47.559488
-59.374223,18,47.566968
-53.646932,6,47.569709
-53.2,7,47.573096
-69.5,34,47.588817
-50.845361,2,47.590053
-57.807151,14,47.595953
-53.328427,6,47.598692
-53.9,8,47.60336
-51.703865,4,47.605242
-59.0,11,47.610144
-49.457171,3,47.611803
-51.54845,3,47.614544
-67.3,20,47.623275
-50.839841,2,47.624616
-50.1,1,47.625322
-50.4,3,47.628055
-51.1,1,47.62882
-52.524555,4,47.630771
-52.999505,5,47.633072
-52.5,6,47.63699
-50.849876,2,47.638268
-50.1,1,47.639036
-62.4,19,47.647525
-214.644563,230,47.750311
-56.0,8,47.753834
-51.5,3,47.755275
-55.771227,10,47.759606
-55.590049,10,47.765781
-253.571068,248,48.489707
-197.155207,229,48.587122
-50.8,2,48.588181
-53.6,6,48.592639
-58.868359,15,48.598721
-50.1,1,48.599473
-53.9,5,48.602164
-101.652008,72,48.634056
-70.999505,36,48.649093
-50.917843,10,48.653482
-53.129436,5,48.655853
-48.892022,2,48.658469
-50.1,1,48.659233
-55.714214,7,48.662487
-50.1,1,48.663182
-49.503835,5,48.666802
-50.1,1,48.667643
-50.8,2,48.668762
-5.4,211,48.768287
-50.8,2,48.771398
-53.022748,8,48.775616
-50.09492,3,48.777153
-62.72967,35,48.793086
-50.1,1,48.795029
-52.545361,3,48.796584
-49.4,3,48.798131
-51.536711,3,48.799781
-50.1,1,48.801422
-50.1,1,48.802113
-56.3,7,48.805625
-51.543769,3,48.807414
-50.030108,10,48.812919
-52.5,6,48.815611
-49.478528,3,48.817111
-62.298979,19,48.82512
-52.5,3,48.827931
-51.5,3,48.829481
-52.374083,4,48.831412
-150.522876,58,48.856408
-50.1,1,48.858422
-49.517986,3,48.859989
-50.1,1,48.860654
-52.2,4,48.862487
-50.1,1,48.864354
-60.4,13,48.870026
-54.9,5,48.872477
-89.019849,49,48.892998
-49.874062,8,48.897607
-153.462278,190,49.598667
-50.1,1,49.599375
-51.563758,3,49.600841
-50.8,2,49.603383
-57.0,8,49.60728
-77.624038,33,49.621626
-67.349156,15,49.628213
-52.2,4,49.631188
-52.585165,7,49.634294
-53.249876,4,49.636202
-50.1,1,49.636911
-50.1,1,49.638651
-57.3,10,49.643316
-52.1,4,49.645318
-50.8,2,49.646433
-52.611954,9,49.651352
-52.5,3,49.652867
-52.936711,5,49.655148
-90.17379,32,49.668587
-222.032883,231,49.778912
-52.961781,5,49.781501
-54.446211,7,49.784755
-59.149629,11,49.789436
-58.79902,9,49.795401
-50.8,2,49.796506
-51.623106,3,49.797998
-50.1,1,49.798701
-53.2,4,49.801759
-122.0,38,49.818265
-213.151,233,49.920346
-52.771683,6,49.922971
-50.1,1,49.925418
-52.8,5,49.927904
-53.236711,4,49.929892
-51.178586,6,49.932463
-58.162258,11,49.939088
-50.8,2,49.940335
-53.2,7,49.94349
-54.957929,5,49.945824
-277.473495,222,50.861359
-50.1,1,50.862431
-50.1,1,50.864144
-51.202258,4,50.866242
-51.5,3,50.869229
-51.216046,3,50.870953
-53.361026,8,50.875346
-51.5,3,50.876946
-70.464275,31,50.892211
-50.1,1,50.892964
-55.962352,9,50.897478
-54.6,6,50.90036
-50.416437,4,50.906874
-50.1,1,50.907764
-49.148172,4,50.91003
-53.5,9,50.915344
-49.080456,6,50.919411
-57.447782,10,50.92397
-51.5,3,50.925918
-53.9,5,50.928791
-51.5,3,50.931499
-53.2,4,50.933479
-52.282763,4,50.935423
-53.29902,4,50.937674
-72.863068,34,50.953547
-50.1,1,50.954354
-52.063218,18,50.963717
-72.706624,25,50.99659
-55.4314,11,51.002476
-248.315751,247,51.108201
-53.5,6,51.110923
-56.3,10,51.115112
-385.598529,223,51.218004
-57.3,7,51.221626
-76.664219,17,51.228992
-62.8,18,51.236591
-213.100827,230,52.481246
-50.1,1,52.481975
-50.116257,4,52.483898
-52.5,3,52.48541
-63.071573,10,52.490992
-51.8,2,52.492448
-50.1,1,52.493118
-51.4,6,52.495697
-72.18011,36,52.512235
-56.343274,8,52.515729
-52.244108,4,52.517551
-52.568359,3,52.51918
-50.862258,2,52.521457
-54.314214,8,52.52525
-55.135793,11,52.530976
-50.1,1,52.531884
-62.214437,23,52.543822
-54.271068,7,52.547315
-52.8,5,52.549601
-61.313855,18,52.557189
-56.2,10,52.562587
-50.1,1,52.563375
-50.8,2,52.564421
-65.2,17,52.571722
-50.1,1,52.573722
-76.608163,14,52.580103
-64.673065,29,52.592862
-50.1,1,52.59371
-60.38011,11,52.599489
-53.19492,6,52.60225
-50.1,1,52.602924
-54.1,7,52.606264
-51.871068,5,52.609622
-218.978976,243,52.719913
-51.8,2,52.721071
-55.691559,10,52.725406
-50.8,2,52.72766
-50.1,1,52.728536
-50.854074,2,52.729658
-51.4,3,52.731274
-50.1,1,52.733132
-50.1,1,52.733828
-98.452819,56,52.758996
-51.695199,6,52.761737
-51.5,3,52.764261
-53.9,5,52.766555
-51.1,1,52.767277
-53.2,4,52.771291
-55.9,8,52.776377
-50.8,2,52.777545
-51.8,2,52.778647
-277.902236,239,52.882326
-53.24845,4,52.886101
-55.3,7,52.889391
-50.1,1,52.890158
-50.8,2,52.891317
-58.572136,14,52.898559
-57.513422,13,52.904052
-51.08011,5,52.906598
-55.441428,10,52.911215
-52.076067,5,52.914533
-60.36016,17,52.921963
-53.662258,6,53.676747
-58.229436,14,53.683189
-53.6,6,53.687258
-207.801961,239,53.789136
-51.5,3,53.790626
-56.745174,15,53.798372
-64.571068,22,53.809097
-50.1,1,53.809826
-56.813422,12,53.81519
-51.1,1,53.815904
-50.046602,2,53.818292
-56.740893,9,53.822461
-57.448912,10,53.826845
-50.8,2,53.827958
-57.162278,8,53.832808
-50.1,1,53.833625
-50.8,2,53.834863
-51.8,5,53.837092
-60.232696,24,53.848657
-56.3,13,53.854144
-50.1,1,53.854829
-54.114437,5,53.857246
-50.1,1,53.859205
-53.9,5,53.861739
-56.04003,11,53.866393
-83.362135,22,53.876207
-108.015773,40,53.894968
-50.8,2,53.8963
-50.1,1,53.897036
-51.8,2,53.898178
-76.0,45,53.91896
-53.2,4,53.920875
-54.3,7,53.924011
-54.978586,7,53.92732
-54.658322,9,53.932467
-56.370361,13,53.937903
-240.309217,226,54.035961
-50.8,2,54.037112
-54.997101,12,54.043616
-51.555385,3,54.045159
-55.797275,11,54.050058
-50.1,1,54.050823
-51.1,1,54.052669
-51.8,2,54.053765
-55.754347,6,54.056535
-53.436068,4,54.058437
-53.274126,4,54.061625
-50.8,2,54.06269
-52.946932,5,54.065253
-50.842796,2,54.066486
-50.8,2,54.068615
-51.5,3,54.070058
-50.1,1,54.070808
-51.558322,3,54.072539
-52.2,4,54.075752
-52.2,4,54.077744
-96.226007,65,54.106123
-230.507846,236,54.72942
-51.533981,4,54.732539
-53.946932,5,54.739212
-54.649876,9,54.749396
-50.1,1,54.75052
-175.896621,50,54.78842
-54.282763,4,54.792462
-98.6,78,54.829819
-50.8,2,54.83095
-51.870361,5,54.834841
-73.819579,10,54.839824
-52.250637,4,54.842165
-50.8,2,54.84336
-50.8,2,54.845966
-50.1,1,54.846657
-60.969638,15,54.853613
-55.061319,10,54.858572
-50.1,1,54.860236
-58.788726,24,54.870605
-52.1,4,54.872635
-49.35097,2,54.873969
-50.1,1,54.875839
-57.362258,13,54.88148
-58.971573,12,54.88687
-49.795414,5,54.889434
-51.5,3,54.891926
-50.1,1,54.89268
-51.717699,11,54.897694
-57.081651,8,54.901222
-51.597133,3,54.903906
-96.962298,14,54.910681
-55.3,7,54.913902
-55.921057,15,54.920336
-71.53907,29,54.933856
-53.297133,4,54.936138
-51.5,3,54.938035
-52.5,3,54.939564
-51.5,3,54.942362
-58.282576,15,54.948685
-50.1,1,54.949413
-227.444004,232,55.046996
-52.539841,3,55.049782
-72.835793,18,55.057342
-227.483346,231,55.918389
-50.1,1,55.919119
-53.2,4,55.922148
-51.5,3,55.924018
-50.1,1,55.924715
-65.33194,28,55.93664
-53.8,8,55.941491
-50.4,3,55.943055
-49.013673,2,55.944125
-49.011488,2,55.945252
-71.3,37,55.962059
-203.670414,232,56.060586
-55.2,7,56.063619
-50.1,1,56.064283
-54.9,8,56.069633
-50.1,1,56.07033
-53.6,6,56.072952
-93.731326,17,56.080224
-103.112,59,56.108168
-161.479435,52,56.130464
-49.253515,2,56.131524
-51.5,3,56.13298
-63.0,20,56.143316
-56.908694,12,56.149587
-256.229436,232,56.246711
-54.663758,6,56.249308
-79.965738,23,56.261058
-54.643274,7,56.264509
-50.1,1,56.265179
-53.9,5,56.267396
-52.9,5,56.27086
-56.0,8,56.274547
-55.363758,7,56.277716
-51.5,3,56.279239
-51.299732,8,56.283835
-51.042641,5,56.286218
-51.5,3,56.287712
-70.024086,7,56.291198
-53.550637,3,56.294006
-54.9,5,56.29631
-57.013855,13,56.301779
-49.865021,4,56.303849
-214.169854,230,57.185195
-53.820143,12,57.190451
-53.048121,9,57.194579
-51.8,2,57.195671
-48.733899,2,57.1981
-91.01989,42,57.215527
-50.8,2,57.216688
-53.944632,5,57.219354
-51.8,5,57.223071
-50.1,1,57.223847
-88.380379,55,57.248198
-52.327427,8,57.251612
-50.1,1,57.253479
-57.658322,12,57.258832
-62.4,25,57.269338
-70.482763,29,57.281762
-51.276894,3,57.284411
-66.277827,31,57.29738
-61.701961,13,57.303124
-58.369638,17,57.310344
-134.542251,123,57.364801
-56.1,16,57.371537
-58.699086,12,57.376693
-52.336106,4,57.378837
-50.8,2,57.381164
-52.9,5,57.383613
-50.1,1,57.384361
-56.340893,7,57.387474
-63.355348,21,57.397881
-50.1,1,57.398591
-65.863031,38,57.415649
-60.139223,11,57.42035
-52.5,3,57.422957
90.262278,12,57.428454
-52.8,2,57.429647
-51.307924,4,57.431616
-49.0888,2,57.433909
-320.634953,129,57.490035
-48.878146,2,57.491196
-54.56016,7,57.494655
-119.587917,44,57.514451
-54.6,6,57.517102
-54.6,6,57.519866
-50.1,1,57.520564
-52.9,5,57.523937
-143.397133,49,57.545354
-53.5,9,57.549341
-53.557929,6,57.552049
-55.421192,9,57.556955
-51.186971,4,57.558826
-56.009673,12,57.564236
-53.6,6,57.56699
-59.19902,11,57.572975
-50.1,1,57.573679
-59.0,11,57.578873
-64.128932,10,57.583517
-50.8,2,57.585715
-118.837722,46,58.801463
-50.44071,7,58.804663
-50.1,1,58.805342
-53.2,4,58.808657
-50.937142,5,58.811101
-55.070361,8,58.814608
-50.1,1,58.815351
-55.764961,12,58.821678
-60.9,23,58.831738
-53.661781,6,58.834586
-88.796569,37,58.852711
-53.2,4,58.855943
-50.1,1,58.856698
-54.249629,4,58.858734
-52.5,3,58.860509
-50.8,2,58.862666
-50.8,2,58.863743
-57.149629,11,58.868645
-51.8,5,58.870933
-57.0,8,58.875424
-52.2,4,58.877672
-247.463166,233,58.978107
-54.33194,7,58.981213
-53.5,6,58.985946
-57.163932,12,58.991048
-52.260413,4,58.992914
-50.1,1,58.993727
-52.713422,6,58.997688
-225.706624,235,59.098032
-54.177401,8,59.1016
-54.5,9,59.105726
-53.907641,12,59.112584
-54.8,8,59.116167
-51.555048,3,59.117806
-57.083954,11,59.123084
-52.011378,8,59.127779
-258.161317,235,59.22989
-208.086192,231,59.97664
-48.85475,2,59.977813
-204.018289,178,60.0557
-51.169854,5,60.058055
-57.655385,9,60.061913
-54.249876,7,60.064996
-51.1,4,60.068438
-51.817699,5,60.070861
-50.064337,3,60.072384
-50.1,1,60.073053
-51.5,3,60.075861
-62.4,22,60.085111
-50.1,1,60.085807
-48.907924,2,60.086938
-52.5,3,60.089733
-51.8,5,60.092056
-50.84264,2,60.093216
-50.8,2,60.094411
-50.833596,2,60.096564
-262.189847,233,60.203121
-56.361781,7,60.206208
-51.5,3,60.207709
-51.577616,3,60.211072
-56.3,7,60.214182
-52.5,3,60.215633
-51.263741,7,60.218793
-52.8,2,60.221349
-55.635136,9,60.225353
-49.458207,2,60.226448
-66.637205,13,60.232682
-48.813453,2,60.234868
-59.461026,17,60.242142
-52.549629,3,60.243822
-174.303111,179,60.322752
-80.62223,13,60.330024
-51.5,3,60.331526
-50.1,1,60.332209
-81.097385,54,60.977889
-63.4,22,60.98814
-54.5,9,60.992732
-53.208694,5,60.995338
-53.9,5,60.997829
-55.416046,9,61.003351
-56.320007,14,61.00924
-51.978146,5,61.011788
-51.5,3,61.013287
-51.1,1,61.015007
-61.404778,25,61.025778
-50.614835,7,61.029294
-54.9,5,61.03176
-235.380456,230,61.140549
-57.769007,9,61.144331
-52.5,3,61.1458
-60.376797,17,61.153322
-51.5,3,61.156611
-50.862258,2,61.157814
-53.6,6,61.160425
-50.8,2,61.161521
-52.058053,6,61.165562
-53.769048,9,61.16946
-51.1,4,61.171262
-50.1,1,61.171961
-49.537722,2,61.174216
-50.850637,2,61.175303
-55.813673,12,61.181006
-56.6,9,61.185188
-56.761319,11,61.191296
-54.2,4,61.193401
-284.358486,235,61.293689
-90.9,47,61.312687
-50.1,1,61.315064
-51.5,3,61.31675
-202.334516,235,61.41537
-51.8,5,61.417652
-50.1,1,61.419935
-51.992022,5,62.165441
-50.1,1,62.166166
-237.6,233,62.370302
-50.458899,4,62.373877
-55.363758,7,62.377244
-49.032056,2,62.378527
-55.055048,8,62.382745
-210.873784,228,62.487519
-50.1,1,62.488335
-50.1,1,62.489017
-55.3,7,62.49204
-49.127828,2,62.495058
-54.3,7,62.498212
96.6,8,62.501976
-57.6,12,62.507514
-50.1,1,62.509514
-246.933981,236,62.616529
-50.8,2,62.617636
-53.2,4,62.619508
-50.1,1,62.621826
-53.245361,4,62.623957
-50.424086,3,62.625436
-50.1,1,62.626091
-84.053305,16,62.634509
-50.591559,4,62.636345
-103.71608,21,62.645737
-52.544632,6,62.64878
-59.677401,13,62.655838
-51.557929,3,62.657692
-50.8,2,62.65889
-54.649629,6,62.661695
-55.6,6,62.665996
-56.232227,16,62.672792
-61.4,19,62.681454
-52.2,4,62.683567
-56.344632,7,62.687834
-52.958722,5,62.690258
-59.163932,10,62.695383
-54.725301,10,62.699871
-153.3,61,62.727736
-50.1,1,62.728549
-54.546324,12,62.733835
-58.757929,12,63.371021
-50.1,1,63.372865
-52.474599,2,63.374054
-56.6,9,63.378319
-52.818724,9,63.382311
-54.897294,11,63.388441
-50.1,1,63.389242
-50.186971,4,63.391296
-53.948602,9,63.395957
-56.685128,6,63.399794
-51.163758,4,63.401734
-50.1,1,63.40242
-52.254074,4,63.40431
-50.1,1,63.406047
-56.055385,8,63.409922
-76.456177,32,63.423883
-49.607924,3,63.425491
-51.582763,3,63.428017
-50.1,1,63.428745
-53.8,8,63.432246
-51.186971,4,63.434174
99.3,4,63.437015
-56.038351,11,63.441972
-55.23907,8,63.445761
-53.326844,5,63.448042
-50.8,2,63.450202
-52.9,5,63.452661
-54.349876,7,63.456068
-53.95947,6,63.459139
-58.4,16,63.467036
-59.137114,14,63.473123
-48.878146,2,63.474206
-50.1,1,63.47489
-57.311074,12,63.481434
-50.8,2,63.482556
-52.2,4,63.484455
-61.630961,19,63.492852
-65.5,16,63.500487
-64.34694,27,63.512105
-54.563932,11,63.516787
-49.46563,3,63.518242
-50.8,2,63.520399
-50.1,1,63.521227
-54.259398,5,63.523881
-50.8,2,63.52495
-60.0,17,63.533442
-51.8,5,63.535799
-50.8,2,63.53689
-50.1,1,63.537649
-50.1,1,63.539388
-51.5,3,63.540948
-49.178976,2,63.542005
-51.1,4,63.544039
-209.791796,231,63.642809
-60.956869,13,63.648154
-50.892061,2,63.649245
-50.1,1,63.649901
-241.105563,105,63.696924
-303.769048,243,63.824669
-55.223653,9,63.828955
-104.202325,88,65.132404
-50.1,1,65.134524
-56.044632,8,65.137999
-52.9,5,65.140288
-53.61529,6,65.142873
-53.9,5,65.14653
-50.8,2,65.147897
-75.576894,35,65.163046
-54.6,6,65.165719
-55.3,10,65.171309
-53.6,6,65.174156
-64.2,23,65.185532
-52.626844,4,65.187434
-57.958053,13,65.19407
-52.245361,4,65.196826
-50.1,1,65.197639
-57.436068,13,65.203642
-51.482781,4,65.206703
-62.060565,35,65.222323
-55.3,7,65.225607
-68.089839,24,65.235673
-51.5,3,65.238513
-53.943621,11,65.243728
-54.9,11,65.248774
-53.2,4,65.250751
-50.8,2,65.252977
-48.724086,2,65.25408
-66.570361,22,65.263879
-65.662278,22,65.272873
-61.795414,15,65.28076
-51.171769,7,65.28425
-186.485165,72,65.314764
-53.6,6,65.317403
-50.8,2,65.319835
-55.757929,9,65.323817
-52.855385,5,65.326274
-51.995199,5,65.328705
-56.066317,16,65.336894
-56.946274,13,65.342744
-50.8,2,65.343816
-51.5,3,65.345414
-50.1,1,65.347364
-62.438984,13,65.353408
-51.540823,5,65.3559
-51.555728,3,65.357453
-50.8,2,65.359612
-55.785128,9,65.363558
-49.897101,3,65.365376
-64.886833,31,65.379154
-53.9,5,65.38276
-50.8,2,65.38392
-53.654347,6,65.386575
-62.596152,19,65.395643
-50.1,1,65.397398
-58.35097,12,65.402495
-50.1,1,65.403172
-54.278569,10,65.407886
-52.271068,4,65.411224
-60.18034,17,65.419817
-51.5,3,65.421547
-52.707876,9,65.425496
-54.5,3,65.428093
-56.499732,11,65.433162
-148.73992,34,65.448237
-52.5,3,65.449878
-50.8,2,65.452155
-48.724086,2,65.453391
-50.8,2,65.454446
-50.8,2,65.455609
-58.863758,17,65.464165
-54.682781,10,65.468586
-51.8,2,65.469664
-52.180104,4,65.471576
-54.7,14,65.479763
-67.55542,23,65.48991
-59.44845,10,65.494271
-282.584227,103,65.540626
-52.543769,3,65.543632
-50.1,1,65.544549
-53.269007,7,65.547924
-60.0,23,65.557792
-51.295199,4,65.561116
-52.977616,5,65.563725
-54.99902,5,65.566209
-50.1,1,65.566918
-52.5,3,65.569477
-51.545361,3,65.571006
-60.441428,19,65.579575
-48.497741,4,65.581728
-54.539841,9,65.586941
-50.8,5,65.589303
-53.202208,6,65.591944
-50.1,1,65.592632
-56.377477,16,65.600732
-51.5,3,66.228908
-51.1,1,66.229775
-50.1,1,66.230629
-50.1,1,66.232507
-53.101466,7,66.235674
-51.207641,5,66.238199
-50.8,2,66.239266
-62.1,14,66.246299
-51.5,3,66.247804
-96.878022,82,66.284975
-50.1,1,66.285738
-52.2,4,66.290761
-50.1,1,66.29154
-64.913755,15,66.297787
-55.036106,8,66.301408
-53.878569,8,66.306085
-50.8,2,66.307319
-52.1,4,66.30921
-53.24264,4,66.311334
-52.245175,4,66.314437
-54.3,7,66.317635
-48.757171,2,66.318713
-51.951837,4,66.320622
-51.5,3,66.323188
-50.1,1,66.324111
-53.997411,14,66.330019
-50.877616,2,66.331099
-263.571068,234,66.42962
-241.445191,249,66.535809
-50.1,1,66.536542
-54.654074,6,66.539169
-50.4,3,66.541921
-51.763932,7,66.54515
-51.5,3,66.546715
-57.849876,17,66.553726
-59.733981,16,66.561948
-66.245361,26,66.572682
-50.1,1,66.573373
-75.1,19,66.581935
-56.061279,32,66.597449
-53.9,8,66.600848
-52.31044,4,66.602729
-62.086786,19,66.610578
-58.1,14,66.617442
-50.8,2,66.618533
-53.436068,4,66.620428
-52.555728,3,66.621975
-53.2,4,66.625215
-54.624086,12,66.630601
-50.1,1,66.631393
-87.693339,43,66.649464
-50.1,1,66.651421
-51.5,3,66.652989
-50.1,1,66.653722
-53.647782,6,66.656305
-240.903124,239,67.765097
-61.439223,13,67.770738
-54.869281,9,67.774736
-52.252559,4,67.776712
-51.8,2,67.779724
-52.336106,4,67.781705
-48.95373,2,67.782813
-51.545175,3,67.78436
-50.8,2,67.786502
-50.1,1,67.787239
-50.8,2,67.788342
-50.8,2,67.789643
-62.8,18,67.798244
-52.735793,6,67.801183
-50.1,1,67.801934
-54.814437,6,67.804636
-51.5,3,67.807113
-51.8,2,67.808242
-232.357578,241,67.910835
-52.5,3,67.912893
-58.749876,9,67.918874
-53.728392,9,67.922588
-232.489535,225,68.019874
-51.543769,3,68.021377
-55.270361,7,68.026354
-50.8,2,68.027484
-49.052624,2,68.028574
-49.28999,2,68.029686
-50.1,1,68.031536
-50.8,2,68.032642
-50.8,2,68.03392
-52.5,3,68.035466
-62.062278,17,68.043735
-73.524086,30,68.056505
-51.549876,3,68.058118
-50.8,2,68.059177
-52.244108,4,68.062574
-50.8,2,68.063756
-50.1,1,68.064478
-50.1,1,68.065181
-52.868653,8,68.069838
-51.5,3,68.071568
