#{"t_start": 1764137361.604599, "env_id": "CityDrone-v0"}
r,l,t
-175.485809,107,1.133912
-128.323853,69,1.204837
-80.897675,41,1.246888
-70.398033,45,1.29428
-68.014097,17,1.312136
-133.682094,86,1.400494
-204.818206,154,1.559435
-54.01223,18,1.578073
-207.482576,54,1.632763
-84.578834,79,1.716756
-58.654451,15,1.732857
-126.249964,35,1.768387
-237.356854,239,2.009127
-80.380741,17,2.027036
-124.651811,154,3.13579
-222.219689,229,3.366097
-232.11025,75,3.442443
-111.890816,50,3.494272
-119.555385,107,3.601449
-247.607494,198,3.801809
-65.42967,34,3.836262
-229.370361,231,5.633739
-170.043862,130,5.789828
-307.137874,221,6.031271
-263.101961,246,6.282791
-148.968359,121,6.404208
-69.463437,30,6.439911
-140.979546,96,6.536932
-65.674599,38,6.574934
-60.742006,26,6.601259
-83.50487,76,7.957049
-187.455676,183,8.282168
-246.2,237,8.671621
-218.52967,226,8.953374
-114.487256,27,8.981897
-264.168359,243,9.227486
-161.0,69,10.386269
-402.842641,216,11.804361
-97.56737,103,11.925191
-149.499883,138,12.080144
-204.373861,239,12.369025
-225.559335,222,12.638069
-60.655053,30,12.688769
-216.997347,231,14.31579
-79.092915,81,14.4077
-224.285126,233,14.656188
-90.128932,31,14.689725
-209.60098,232,14.938067
-243.410628,227,16.507175
-107.634464,119,16.63122
-264.082763,157,17.787506
-209.054463,99,17.914666
-140.59121,50,17.993967
-226.857929,237,18.229849
-217.732051,239,18.470212
-218.472136,232,20.419563
-167.317475,216,20.693069
-210.473674,227,20.934305
-175.939205,175,21.120126
-71.844378,37,21.158874
-238.243769,226,22.426997
-69.109156,17,22.449335
-234.249876,236,23.77628
-141.482576,186,23.964504
-227.406644,225,24.189614
-229.703929,218,24.408437
-275.196876,214,25.43679
-82.688305,75,25.511899
-208.703425,219,25.735293
-195.444358,227,25.971883
-221.453687,217,26.190224
-207.846257,219,26.939211
-79.276478,69,27.010472
-242.284508,228,28.237487
-229.925999,252,28.517684
-229.077477,241,28.760018
-290.017237,229,29.925055
-242.993428,211,30.136995
-230.941657,241,30.379444
-244.32775,257,30.641209
-250.689977,258,32.128599
-278.015909,226,32.366892
-67.3,63,33.404397
-209.764159,229,33.637673
-277.153641,233,33.871901
-157.743465,232,35.479732
-231.91973,224,35.708951
-62.681533,28,35.738115
-222.366628,249,35.991898
-141.724038,70,36.06403
-224.82879,189,36.257998
-218.77033,220,37.957617
-251.266924,265,38.231
-102.127636,146,39.35138
-184.019165,222,39.583573
-141.906624,180,39.765682
-236.945,224,40.610788
-222.745787,214,40.832168
-287.357439,229,41.06282
-147.586192,199,41.266228
-198.055136,231,41.495509
-169.07033,212,42.652751
-188.927463,209,42.861395
-243.830517,209,44.0273
-246.106624,234,44.260323
-86.761202,118,44.378183
-199.032112,208,45.954808
-142.132944,52,46.006476
-81.43445,118,46.125787
-211.234488,222,46.347997
-233.056854,244,46.595957
-281.088897,228,46.826075
-242.865737,218,47.658426
-177.386211,223,47.880614
-120.785281,166,49.003503
-194.343938,210,49.214221
-230.9,243,50.43269
-133.88011,180,50.660044
-124.844615,91,50.754967
-217.842641,229,50.986076
-123.216351,171,51.164794
-200.943769,208,51.372105
-196.421971,232,53.11987
-256.635136,273,53.389973
-153.055136,175,54.515624
-107.634061,97,54.612391
-98.587079,103,54.715443
-119.213815,137,54.851154
-227.812382,255,55.913318
-198.728427,212,56.126667
-67.280437,48,56.175454
-195.757929,213,56.398733
-107.052591,46,56.444783
-200.885079,212,56.662967
-234.21025,181,57.51153
-122.799086,159,57.675996
-127.17379,169,57.845568
-165.248549,238,59.084487
-204.694495,234,59.318984
-125.8,151,60.785874
-104.219912,140,60.930938
-155.565707,202,61.131481
-224.859755,210,61.343882
-52.877675,42,61.385935
-186.788897,139,61.528277
-132.859339,138,61.66479
-106.265676,30,61.696003
38.7,175,63.256655
-230.9,240,63.497132
-191.34808,206,64.65349
-54.377354,21,64.67475
-53.01147,19,64.698057
-193.9,215,64.916153
-106.549684,158,65.072738
-201.77777,225,65.783164
-279.288198,210,65.997491
-65.9,41,66.03862
-121.916706,185,66.225363
-233.511103,214,66.442837
-188.334103,209,67.149213
-77.580437,66,67.216641
-111.736742,134,67.350038
-95.602325,77,67.427459
-176.346211,205,67.640693
-70.08167,55,67.696741
-79.526796,74,69.028598
-75.27381,56,69.085031
-227.300851,209,69.295575
-141.162278,188,70.472577
-193.8,223,70.696438
-120.449964,179,70.883341
-73.123578,32,70.915954
-226.061576,220,71.150769
-185.523014,212,71.985519
-203.6,224,72.211349
-78.902208,82,72.292915
-103.012,147,72.440201
-172.61223,187,72.63281
-96.31966,41,73.698539
-136.979435,193,73.896519
-97.236722,147,74.669972
-191.917201,211,74.885654
-179.451476,193,75.078161
-160.842801,200,75.291881
-157.130952,197,75.49657
-127.037742,184,76.159803
-84.671068,93,76.256939
-61.62834,30,76.288373
-111.243634,179,76.473338
-198.2,218,76.700107
-105.514214,144,76.850003
-215.682763,209,78.050889
-166.4,197,78.562733
-168.275418,199,78.763088
-189.522147,216,78.983067
-78.662278,96,79.079701
-75.623578,90,79.175128
-63.862215,29,79.204343
-55.666375,32,79.236328
-74.364414,50,79.287178
-188.7,209,80.24901
-216.800068,205,80.460574
-83.113738,116,80.576294
-117.48114,189,80.782581
-93.011242,140,80.964984
-191.997101,215,82.142447
-133.489778,153,83.258023
-218.768359,222,83.481118
-59.976207,15,83.496505
-117.501456,194,83.689192
-217.624038,237,83.928158
-113.21989,168,84.095726
-71.262298,84,84.180685
-167.508204,206,84.920345
-51.948317,21,84.941396
-104.054149,126,85.066891
-67.49577,64,85.130279
-57.085111,26,85.15748
-132.194396,127,85.285181
-108.014835,161,85.447774
-128.48647,157,86.598004
-243.36563,195,87.248651
-67.223578,59,87.310636
-89.364325,107,87.417756
-113.89577,183,87.602839
-205.356379,224,87.834991
-173.021971,200,88.039674
-185.8,210,88.702752
-78.366611,29,88.736213
-158.1,202,88.959261
-190.4,210,89.167293
-227.857476,208,89.379188
-244.48358,199,89.578518
-66.82967,22,90.541779
-97.956854,125,91.098096
-74.314306,69,91.170346
-175.244272,214,91.384601
-94.584806,105,91.488871
-74.087212,63,91.551684
-166.275445,200,91.752759
-124.485786,206,91.958287
-175.131761,193,92.637917
-54.028932,19,92.657389
-120.890816,204,92.86772
-185.936742,199,93.071345
-194.475324,216,93.292891
-189.2,210,93.501126
-112.411103,156,94.940906
-68.080469,14,94.956175
-172.918323,198,95.15382
-56.779171,26,95.17954
-116.076925,137,95.317066
-81.772136,74,95.390511
-175.468784,205,95.596823
-179.77973,200,95.801366
-143.664414,187,96.275776
-68.46772,83,96.362575
-79.707494,107,96.469608
-248.181138,200,96.674956
-180.514214,199,96.883751
-73.235603,109,96.996292
-46.411073,11,97.007638
-180.922876,204,98.463002
-54.123106,28,98.492386
-128.836068,152,98.651173
-161.452776,203,98.854658
-70.834058,78,98.935415
-69.122876,56,98.991656
-153.618708,197,99.191122
-124.685165,177,99.367401
-162.466976,201,100.122147
-159.530297,203,100.334464
-67.683315,23,100.357804
-123.098979,166,100.524879
-86.865,117,100.641881
-83.354414,101,100.750945
-55.751142,29,100.78053
-185.427709,202,100.984352
-51.9,22,101.006682
-170.462763,204,102.311621
-101.014835,154,102.467541
-54.819535,17,102.484685
-98.962952,106,102.591078
-177.682763,201,102.792932
-155.742302,201,102.998158
-63.153515,36,103.034087
-82.580557,48,103.081827
-58.615183,47,103.129681
-66.724972,34,103.186103
-105.923106,133,103.323768
-190.216954,213,103.537011
-177.368068,208,103.743619
-79.611513,101,103.847163
-63.85855,35,103.883318
-67.454213,61,103.94444
-59.760731,48,103.991884
-55.983346,37,104.029964
-81.048064,71,104.100095
-54.123106,28,104.128462
-75.874599,85,104.56302
-56.194449,29,105.54684
-68.311513,69,105.615617
-128.97379,101,105.734728
-56.28284,38,105.774206
-97.623106,132,105.911751
-82.3,99,106.010598
-92.307996,157,106.167602
-47.323991,19,106.186804
-78.851142,117,106.302859
-145.030388,196,106.498818
-83.436068,142,106.825593
-98.327864,132,106.957044
-87.0,130,107.085505
-74.250612,117,107.203245
-97.704547,191,107.397125
-62.713167,60,107.456639
-47.172254,16,107.47261
-74.085786,60,107.533283
-99.746886,173,107.875037
-51.474179,36,107.912905
-85.227475,137,109.010801
-78.274518,112,109.123608
-54.9,34,109.158968
71.5,120,109.279672
-150.9,195,109.474315
-49.746144,7,109.481803
-56.99203,38,109.519601
-167.900799,204,109.722375
-66.086786,62,109.785426
-93.819791,140,109.950706
-72.780859,31,109.982165
-55.558899,10,109.992475
-155.787917,196,110.187509
-166.737205,202,110.388634
-51.597675,24,110.413374
-161.402334,196,110.610752
-151.723278,198,110.814893
-54.990142,24,110.841294
-82.37166,107,110.980634
-183.927952,213,112.192978
-164.5,209,112.404031
-103.68011,161,112.563433
-58.717699,13,112.576764
-46.969012,4,112.581126
-47.006059,6,112.587578
-47.6,8,112.595899
-75.262278,73,112.668243
-165.920995,75,112.744221
-58.81138,50,112.794319
-167.379171,205,113.022475
-80.569521,99,113.121655
-64.049288,57,113.178415
-114.557359,126,113.305752
-82.693783,142,113.448959
-172.197294,206,113.658281
-60.440395,61,113.718703
-58.88011,12,113.730851
-90.660503,169,113.900055
-58.930915,27,113.946292
-74.337087,105,114.054683
-97.360084,146,115.252013
-44.584227,23,115.27713
-135.63518,191,115.468772
-51.601902,32,115.50135
-107.616954,197,115.70045
-55.362089,45,115.746475
-145.427733,194,115.94562
-79.832795,28,115.973873
-198.130517,197,116.18897
-51.362278,24,116.213664
-46.96737,22,116.235826
-49.482094,20,116.255879
-60.908709,76,116.333198
-93.731451,152,116.486853
-65.392154,85,116.572807
-60.731408,52,116.628395
-66.094449,53,116.682333
-86.574599,119,116.801834
-162.257845,200,117.004753
-83.379102,15,117.020963
-61.488619,40,117.075762
-85.628932,143,117.220514
-130.708204,24,117.244807
-119.517237,196,118.423223
-66.133899,52,118.475191
-138.773861,189,118.667376
-53.0,15,118.685466
-155.949964,195,118.923367
-162.455728,198,119.157029
-150.2,192,119.354563
-80.28011,99,119.454952
-91.930295,159,119.614912
-45.032795,11,119.626555
-57.707333,12,119.639081
-163.613855,200,119.855347
-71.600799,93,119.948468
-48.013167,17,119.96568
-117.091796,27,119.994367
-91.958784,24,120.019018
-54.914719,38,120.056841
-154.222738,201,120.275745
-97.255398,39,120.316076
-145.31966,191,121.495984
-86.0,160,121.657339
-197.378569,218,121.877873
-55.991483,50,121.928121
-83.403124,83,122.010385
-51.230798,22,122.032587
-106.254639,42,122.075135
-92.620295,181,122.278997
-164.8,200,122.481025
-51.020505,24,122.50501
-65.08011,55,122.560156
-52.156009,39,122.599116
-62.353915,80,122.68003
-78.899119,141,122.821723
-67.464919,116,122.9421
-161.21143,198,123.144975
-101.744171,185,123.346551
-67.797347,42,123.388486
-62.2,31,123.419802
-71.528427,46,123.465823
-57.301036,28,123.493778
-74.337742,43,123.536381
-90.92621,113,124.604271
-155.930555,41,124.646184
-154.239353,196,124.846073
-144.500522,195,125.042556
-65.123014,52,125.093699
-57.98284,53,125.146177
-71.636068,60,125.220372
-137.419535,194,125.416633
-64.241428,26,125.442499
-71.808546,102,125.543378
-157.416065,205,125.754113
-46.766019,9,125.763772
-53.08733,63,125.831256
-47.52078,21,125.853094
-44.583346,42,125.89835
-46.657641,9,125.907628
-89.523727,169,126.076542
-101.937722,179,126.270159
-164.947896,207,126.482893
-93.485786,105,126.586909
-83.922876,129,127.668346
-98.323106,141,127.809159
-144.302677,192,128.073148
-79.257359,101,128.177499
-59.143651,12,128.190079
-45.987256,13,128.203337
-86.588266,134,128.484249
-92.827475,184,128.667765
-66.882014,52,128.719265
-155.474366,197,128.920411
-50.111693,53,128.976536
-63.732696,57,129.034321
-62.766123,53,129.090181
-48.343884,48,129.139385
-51.310705,23,129.162545
-53.029175,25,129.187641
-162.708204,197,129.387066
-146.791483,194,129.70358
-66.554414,88,129.791828
-82.07379,39,129.830993
-154.087917,200,131.057619
-72.3,92,131.149394
-96.105011,173,131.32522
-175.060523,209,131.53307
-90.19902,27,131.560138
-114.687132,67,131.642602
-76.924972,91,131.735046
-68.242267,69,131.804738
-76.354529,70,131.874798
-51.548641,13,131.888794
-177.1,198,132.087507
-112.416625,155,132.244258
-64.456726,41,132.285802
-146.080456,191,132.475398
-79.036392,160,132.649004
-246.0,242,132.896879
-48.595705,22,132.919598
-166.25934,36,132.955881
-102.157733,181,134.103913
-84.407641,113,134.217467
-140.169854,106,134.323702
-56.137742,13,134.336898
-77.424727,75,134.411512
-95.539903,195,134.71648
-53.480456,16,134.733592
-59.4,67,134.802651
-223.182576,207,135.012448
-56.240661,28,135.041294
-84.38034,116,135.156924
-50.7953,28,135.185554
-151.280683,193,135.397648
-78.166557,113,135.511813
-148.921971,194,135.708523
-85.71025,98,135.894426
-86.862864,127,136.025906
-158.365105,200,136.231144
-104.21989,195,137.392264
-120.283315,32,137.426859
-75.84199,133,137.560612
-83.180437,132,137.693412
-64.419981,64,137.75776
-171.126884,207,137.983476
-160.262278,202,138.191481
-209.714803,232,138.423424
-46.320645,5,138.42913
-140.504129,188,138.618153
-118.35267,161,138.778688
-56.007333,49,138.844121
-68.466317,38,138.884064
-91.563932,126,139.014551
-43.450777,8,139.023442
-113.062278,182,139.206575
-71.765517,57,139.264807
-79.563905,140,139.403877
-56.454213,13,139.417314
-48.717237,19,140.395431
-151.378356,199,140.598617
-84.844184,60,140.659504
-46.137742,9,140.669305
-64.701036,48,140.718
-63.998246,107,140.842318
-144.298529,194,141.042304
-65.231343,14,141.057145
-62.22621,28,141.085522
-56.096535,11,141.096981
-143.843156,198,141.295931
-82.675445,35,141.331171
-85.749215,158,141.491887
-51.620295,47,141.538497
-76.356185,87,141.624527
-92.313705,161,141.784987
-42.846376,11,141.796159
-51.503797,44,141.852522
-62.79093,73,141.937674
-99.58975,159,142.106901
-86.69563,116,142.243845
-152.864512,206,142.452469
-62.5,78,143.496508
-61.003623,49,143.547301
-148.267669,199,143.74978
-139.894398,192,143.9605
-46.180957,5,143.965891
-54.675874,8,143.974665
-177.408146,200,144.17974
-83.791782,143,144.3231
-64.550819,49,144.372549
-46.78011,8,144.380891
-149.813296,199,144.583343
-53.377121,34,144.617641
-162.936068,199,144.816
-77.917237,141,144.9755
-151.259952,206,145.183603
-45.512989,5,145.188973
-200.279546,205,145.394328
-155.960948,194,145.591553
-140.417843,193,146.777421
-153.23337,191,146.998504
-87.122876,143,147.142514
-123.641657,32,147.174605
69.6,168,147.34225
-44.806059,6,147.348539
-84.137722,130,147.476662
-169.02436,203,147.687125
-164.205153,198,147.887194
-91.274163,18,147.905494
-100.151956,192,148.117791
-152.61025,194,148.336691
-76.079451,135,148.470444
-76.932711,101,148.575977
-149.933981,198,149.780314
-115.468694,170,149.95122
-96.906849,167,150.136375
-48.300505,12,150.148787
-134.392464,193,150.34505
-147.454639,194,150.537574
-88.461886,147,150.687834
-153.637722,82,150.771717
-49.097294,4,150.776126
-49.027864,11,150.787586
-159.923991,210,151.002771
-52.795895,24,151.02748
-49.565812,16,151.05673
-68.998039,53,151.11069
-46.720223,8,151.119356
-98.05386,32,151.153545
-45.982763,7,151.160823
-47.020295,31,151.19206
-41.375202,18,151.210735
-45.103124,10,151.221451
-150.396152,199,151.420602
-51.536424,16,151.436952
-161.644415,200,151.638187
-90.527864,146,151.785688
-71.279546,111,152.8455
-77.699495,116,152.963518
-191.537722,216,153.210295
-46.5,14,153.22483
-102.325884,167,153.392237
-152.262258,191,153.582554
-152.174008,201,153.78673
-151.720859,200,153.986667
-61.474599,66,154.065613
-140.551523,190,154.261794
-156.949288,198,154.460173
-52.093752,29,154.490058
-60.926933,26,154.516485
-179.61608,214,154.73517
-138.40437,191,155.920585
-111.093444,209,156.328614
-73.203124,62,156.392316
-206.718206,230,156.625282
-105.28809,43,156.669137
-44.848549,6,156.675454
-72.969669,11,156.687289
-78.018483,144,156.831176
-179.235648,213,157.049473
-102.620295,204,157.252963
-76.0,101,157.373191
-91.027864,26,157.401413
-50.559153,18,157.419993
-166.297675,208,157.627107
-157.816625,199,157.826238
-185.682689,225,158.059524
-68.736068,130,159.176981
-73.857681,111,159.307904
-58.951175,87,159.399375
-49.305085,21,159.421267
-189.116596,216,159.639288
-159.47379,200,159.837907
-131.483268,216,160.057256
-159.825085,204,160.267869
-172.994597,214,160.502466
-151.624761,198,160.703006
-81.219544,127,160.83311
-50.860609,5,160.838544
-92.167436,188,161.033573
-48.385056,12,161.046107
-81.008662,160,161.204496
-81.505011,146,162.298128
-53.756376,31,162.350578
-287.5,254,162.608116
-47.626486,7,162.61564
-56.2,44,162.659592
-53.104197,39,162.69907
-80.682014,122,162.820008
-64.176894,115,162.937287
-163.882444,202,163.142386
-61.928932,71,163.212732
-174.7539,209,163.448483
-150.409878,197,163.647826
-287.5,255,163.905827
-63.503289,93,163.999629
-153.627828,199,164.211383
-51.697411,6,164.217861
-180.121854,194,165.383957
-77.270992,149,165.536761
-72.062278,134,165.670671
-155.158863,200,165.875078
-181.641009,218,166.097236
-87.888897,192,166.288248
-81.621063,122,166.425247
-271.772136,207,166.633893
-53.222907,10,166.644188
-81.79441,163,166.807363
-142.1953,194,167.003341
-75.040866,138,167.141693
-68.369048,107,167.248186
-68.036068,137,167.398962
-71.826884,94,168.46051
-140.254639,196,168.657622
-99.43197,199,168.857129
-185.6,49,168.906211
-159.343146,203,169.109659
-47.933899,4,169.114127
-60.946886,72,169.185491
-63.742641,18,169.203709
-75.878569,99,169.303048
-124.928932,189,169.510647
-129.045218,191,169.701651
-131.593783,190,169.894912
-76.538731,142,170.037757
-65.027064,70,170.110521
-134.91966,192,170.302746
-164.516625,200,171.516872
-62.417986,78,171.596016
-51.133415,10,171.606452
-107.76683,192,171.79745
-45.852038,7,171.804837
-137.272078,197,172.003632
-136.358397,191,172.195919
-84.594449,183,172.379837
-70.61989,157,172.565254
-80.880456,183,172.780381
-134.286661,193,172.977425
-48.459693,4,172.981824
-153.217237,195,173.182044
-67.470036,119,173.303121
-185.094805,217,173.540231
-64.714214,107,174.611626
-79.842172,187,174.799383
-67.182168,102,174.900853
-83.785627,140,175.041223
-45.312104,9,175.050839
-70.193028,110,175.161892
-84.174163,15,175.177379
-58.866628,75,175.253033
-167.137722,202,175.454875
-192.659378,227,175.700065
-197.144615,221,175.925082
-196.426667,210,176.137983
-212.044615,233,176.372372
-65.71404,73,176.449045
-49.880035,6,176.455402
-54.738096,68,176.536957
-63.628932,117,176.655
-64.223991,103,177.755319
-75.551142,192,177.948347
-134.389416,198,178.148385
-49.079515,21,178.170034
-61.481938,134,178.303842
-44.74708,40,178.348623
-60.396429,11,178.360516
-154.181651,203,178.579456
-80.393339,138,178.719813
-43.798979,26,178.745929
-76.823106,46,178.792202
-70.0,153,178.944276
-175.693526,208,179.159742
-80.085768,180,179.362478
-71.796189,152,179.515189
-185.541657,196,179.727249
-85.862278,179,180.898292
-81.869048,153,181.053603
-44.505551,21,181.075608
-81.127952,174,181.248056
-41.792547,23,181.271197
-75.832696,145,181.415406
-78.012856,183,181.612772
-90.690456,187,181.802257
-69.75267,112,181.914372
-64.123106,105,182.019317
-86.697792,171,182.191303
-129.743146,192,182.386832
-87.537742,186,182.573039
-45.9,4,182.577442
-46.196252,5,182.582786
-82.909878,193,182.792228
-55.1,55,182.847067
-45.048469,7,182.854387
-47.170127,5,182.859723
-76.98011,147,183.988294
-51.491108,21,184.010049
-129.591796,195,184.205625
-47.432051,16,184.222119
-72.160731,138,184.358841
-92.537089,28,184.389009
-65.408945,108,184.496105
-57.002258,42,184.538684
-143.022784,201,184.757974
-56.522876,49,184.806756
-77.1,124,184.929786
-74.694845,180,185.110403
-45.965871,4,185.114776
-80.1,191,185.307862
-74.61868,183,185.49092
-67.872078,168,185.678739
-67.109878,131,185.81612
-66.323106,62,185.880282
-132.433209,200,187.041869
-133.239546,193,187.235689
-43.668874,28,187.264172
-58.742727,55,187.318651
-71.020295,169,187.485869
-64.85267,94,187.579812
-66.493481,124,187.726417
-67.592154,96,187.821942
-51.512856,57,187.890705
-55.727864,83,188.002959
-55.92078,88,188.098109
-55.06683,55,188.154196
-58.966401,98,188.278723
-137.444615,194,188.554475
-131.765,37,188.592228
-71.316625,150,188.740819
-114.455016,38,188.780706
-75.155136,131,188.941909
-39.893142,22,188.964419
-131.501761,201,189.166996
-56.82078,20,190.144829
-73.913611,142,190.306427
-54.890454,107,190.413578
-80.836424,165,190.579109
-141.962652,195,190.77825
-48.038387,15,190.793639
-75.169022,144,190.955934
-46.18011,4,190.960441
-64.233717,148,191.108567
-44.889778,4,191.112918
-71.314214,120,191.232854
-40.619344,18,191.251234
-65.103124,30,191.281956
-55.921505,28,191.310711
-56.570414,98,191.413516
-130.101955,203,191.619222
-83.750612,46,191.666239
-60.987605,75,191.741321
-78.486292,164,191.921866
-64.728408,80,192.005909
-60.269054,133,192.141291
-45.178726,4,192.145687
-44.508495,6,192.151989
-62.827864,36,192.188348
-71.078422,146,193.298397
-48.071068,29,193.328606
-147.3,206,193.53807
-126.422113,195,193.732116
-81.680557,164,193.913188
-143.185786,198,194.114708
-152.14949,195,194.308064
-83.330094,162,194.46975
-68.581008,167,194.640382
-59.389316,131,194.771216
-67.762911,112,194.901
-79.336068,194,195.098641
-61.677226,15,195.114052
-47.1953,4,195.118417
-146.537874,30,195.149496
-77.744615,169,195.330883
-71.089778,164,196.516251
-50.332051,11,196.528624
-220.605551,193,196.721881
-150.65097,204,196.939399
-67.295705,132,197.075314
-137.931451,196,197.2704
-73.634979,113,197.384053
-120.384227,194,197.578842
-136.833895,39,197.621059
-97.408204,17,197.638842
-45.74808,16,197.654988
-65.266628,128,197.78376
-59.35314,56,197.839469
-63.869482,51,197.890923
-60.042733,115,198.019682
-45.178726,4,198.024079
-147.392359,199,198.226417
-64.485749,109,198.337458
-111.842078,18,198.355878
-135.475445,195,199.563924
-84.642801,14,199.580208
-60.465738,160,199.744252
-149.7,206,199.95209
-140.440922,200,200.19383
-65.969854,145,200.339489
-141.7,195,200.533117
-68.466628,120,200.655845
-168.662911,208,200.869708
-62.249144,115,200.988975
-78.403124,151,201.159345
-64.045624,167,201.326072
-60.608546,97,201.423826
-68.70002,165,201.587736
-70.383346,166,202.71128
-62.23346,88,202.800691
-77.833981,136,202.937021
-49.402427,26,202.963419
-44.761886,6,202.969775
-44.844615,4,202.974124
-57.610994,68,203.057583
-72.665,169,203.242983
-44.838631,9,203.255669
-133.97381,203,203.483188
-62.875045,104,203.593429
-75.11655,187,203.785974
-75.212104,154,203.940621
-73.811471,143,204.095247
-231.082576,187,204.287921
-132.514214,200,204.487972
-75.492359,22,204.510872
-198.384227,204,205.671825
-97.754639,200,205.905831
-80.700284,172,206.079438
-47.374062,6,206.086039
-65.581076,10,206.111091
-72.798979,28,206.141543
-140.956493,51,206.195413
-133.5,201,206.395674
-143.3,196,206.59047
-73.354414,170,206.760662
-93.1928,36,206.798117
-159.087232,200,206.999625
-83.505116,14,207.013993
-73.48877,131,207.159896
-151.2,201,207.36465
-46.56938,17,207.382165
-70.828408,150,207.532532
-143.790707,198,207.731117
-45.768075,6,207.737415
-145.762278,197,208.929733
-89.211885,172,209.102436
-52.255295,19,209.121596
-74.750124,186,209.327597
-91.480383,91,209.425932
-59.729557,97,209.533664
-45.867669,4,209.538018
-182.252591,205,209.745798
-160.04949,194,209.940041
-95.690142,21,209.961212
-72.664325,146,210.107132
-75.723106,186,210.311003
-84.931326,198,210.507804
-76.590049,150,210.659162
-133.425441,204,210.872844
-93.685165,20,211.840122
-54.237722,26,211.866872
-78.25314,160,212.03036
-71.57067,178,212.225098
-45.942609,4,212.229651
-124.889516,167,212.397675
-61.371573,106,212.504762
-50.306849,18,212.522859
-80.66731,179,212.704916
65.2,158,212.86606
-46.2749,11,212.879841
-76.776894,32,212.912409
-69.518,160,213.072214
-70.026796,139,213.225562
-69.952591,176,213.404369
-83.622876,179,213.583463
-84.872136,14,213.600808
-144.582576,178,213.782794
-55.712402,10,213.793146
-71.287079,141,213.937258
-137.471573,201,215.085754
-81.537941,195,215.299292
-73.807641,152,215.450913
-45.305116,4,215.455375
-117.439903,45,215.502142
-53.620298,26,215.528827
-78.451837,158,215.687944
-72.350124,46,215.738867
-58.797481,75,215.818857
-46.015183,7,215.826255
-55.000632,16,215.843049
-75.737722,168,216.012849
-65.733439,26,216.039373
-73.400522,64,216.105559
-66.657681,14,216.120065
-44.617237,13,216.133281
-187.9,222,216.372861
-75.126775,197,216.574716
-126.496152,194,216.771294
-123.649005,198,216.972054
-77.846508,26,216.999892
-71.628427,154,218.112124
-52.343938,20,218.134693
-79.346376,186,218.35164
-68.001761,132,218.485394
-58.9,42,218.527655
-89.642641,9,218.537172
-47.851936,5,218.542509
-102.723106,22,218.564819
-164.6,218,218.787077
-41.549304,7,218.794597
-64.167439,130,218.930935
-50.55097,10,218.941339
-146.762278,200,219.140954
-85.223014,168,219.325934
-60.336068,25,219.351882
-151.736068,198,219.549901
-100.336068,51,219.602687
-65.630555,113,219.715742
-62.562301,167,219.883387
-72.437742,118,220.001243
-45.08114,4,220.005608
-91.271573,198,221.232519
-52.117237,60,221.308465
-131.329138,203,221.516922
-172.88909,63,221.581087
-191.106158,206,221.78576
-63.829049,130,221.917455
-159.118206,196,222.116491
-76.069048,176,222.291944
-49.063031,10,222.302432
-132.48233,199,222.519613
-62.460787,20,222.539921
-71.154367,184,222.726837
-142.837722,199,222.927443
-177.148064,66,222.995118
-49.951936,19,223.01489
-46.301902,4,223.019308
-125.054824,198,224.184559
-78.579525,196,224.402593
-187.209042,213,224.616334
-71.408945,37,224.653934
-72.564488,175,224.82835
-55.597347,15,224.843602
-80.011464,177,225.024212
-69.206624,108,225.13312
-121.2,191,225.324061
-74.911513,168,225.512768
-139.499567,200,225.713322
-43.976894,6,225.719798
-117.980456,193,225.922245
-56.214214,25,225.947733
-83.44949,184,226.133045
-72.504017,171,227.254012
-296.864219,202,227.476485
-80.065,186,227.662203
-45.749964,9,227.671532
-43.196569,23,227.694936
-71.262089,129,227.82311
-89.462278,63,227.887911
-89.685165,32,227.920158
-64.668075,132,228.054272
-60.796876,103,228.15813
-127.662278,197,228.371604
-161.348317,195,228.569228
-77.388897,186,228.760607
-76.528932,170,228.932456
-136.025707,183,229.120201
-142.736068,201,229.32033
-88.728427,192,230.490234
-150.060523,203,230.694928
-70.275815,114,230.811779
-80.990416,23,230.835455
-72.645218,192,231.032124
-75.928932,148,231.17976
-73.514214,159,231.338583
-71.916625,143,231.498517
-43.336085,31,231.52998
-45.593246,5,231.535345
-138.21966,198,231.732597
-45.73029,5,231.737984
-144.421854,196,231.932031
-83.6,174,232.106648
-62.985165,10,232.116886
-71.834268,183,232.301247
-124.437742,196,233.478514
-198.11989,202,233.680747
-144.594449,203,233.905988
-328.716897,212,234.140374
-96.829049,24,234.165047
-77.516954,193,234.357692
-65.672029,142,234.517419
-86.462278,190,234.707272
-76.016857,195,234.90234
-120.864239,197,235.099578
-89.362341,163,235.264185
-44.762818,7,235.271492
-180.436068,202,235.676264
-47.41033,8,235.685355
-88.992359,161,237.027673
-46.543651,6,237.035359
-63.334529,12,237.047914
-46.837742,4,237.052307
-68.740187,169,237.225725
-97.928932,178,237.403123
-122.9,189,237.592858
-60.787605,81,237.674014
-55.377354,20,237.694266
-45.205116,7,237.701585
-72.905551,175,237.893606
-42.0495,20,237.916189
-67.543146,155,238.070588
-144.4,202,238.2715
-71.507447,159,238.430528
-67.64949,104,238.535349
-61.722505,157,238.692955
-168.728427,210,238.928021
-55.137722,15,238.943499
-135.778146,197,240.142686
-79.537142,137,240.281109
-67.92967,190,240.472561
-73.908204,186,240.657428
-73.871573,171,240.834601
-79.885903,184,241.040896
-129.2,198,241.239734
-44.985111,7,241.247113
-63.376894,100,241.347768
-48.106527,4,241.352234
-171.280456,197,241.553476
-79.664325,178,241.729487
-72.981938,185,241.929035
-44.680957,6,241.935419
-67.54479,198,243.086577
-69.837742,179,243.264601
-62.521311,8,243.272968
-76.035841,153,243.426532
-64.333312,100,243.525669
-46.966727,8,243.533965
-66.82967,168,243.701944
-69.153915,151,243.858021
-63.876608,138,244.014211
-74.324038,136,244.150191
-70.44949,156,244.306855
-142.943274,197,244.502089
-81.134061,162,244.665941
-157.971573,202,244.871152
-73.000505,12,244.883518
-44.811073,4,244.90166
-69.999086,125,245.034141
-35.455728,18,245.052458
-136.685786,201,246.25219
-64.794449,134,246.388517
-82.51079,185,246.58953
-148.073984,210,246.8027
-81.642078,195,247.014048
-64.357425,168,247.184065
-79.397411,173,247.356316
-82.185903,181,247.53743
-43.375445,10,247.547649
-66.722819,162,247.713255
-72.626796,160,247.879902
-65.48733,164,248.299924
-73.114488,150,248.451804
-73.805879,168,249.606197
-71.054414,173,249.779219
-134.9,196,249.973023
-90.714214,199,250.171104
-75.093752,168,250.37034
-80.520547,186,250.557773
-47.1,12,250.5702
-50.338351,12,250.582546
-66.539656,159,250.742029
-45.89902,13,250.756642
-64.538029,176,250.940224
-45.659153,4,250.944554
-44.798332,4,250.948832
-73.188619,151,251.099034
-65.67381,129,251.225995
-81.535663,12,251.253715
-74.233899,150,251.405736
-120.745218,201,252.568514
-171.67938,41,252.610062
-71.219579,118,252.728768
-117.91966,196,252.924305
-76.177354,148,253.071676
-173.614214,198,253.286521
-212.977226,189,253.47718
-62.736068,159,253.634537
-69.123106,13,253.647836
-57.878789,13,253.661657
-71.96938,179,253.840979
-183.936068,204,254.055101
-74.654074,137,254.190887
-61.118323,111,254.318129
-136.904999,210,254.530567
-68.672029,162,255.761557
-42.397695,9,255.771167
-47.980456,17,255.795087
-56.855676,11,255.806831
-45.030555,5,255.812289
-121.434314,204,256.038601
-139.052591,204,256.245598
-77.094945,163,256.4293
-109.172136,31,256.464479
-71.436068,147,256.615193
-73.18025,189,256.80649
-134.158405,205,257.018453
-81.877226,24,257.047693
-75.590454,179,257.228218
-144.185786,51,257.281801
-72.772641,189,257.485375
-80.567222,19,257.505686
-67.563932,10,257.517384
-140.592359,205,257.722433
-101.088897,28,257.750565
-48.256965,10,257.760838
-70.193481,167,258.883903
-80.49902,164,259.068071
-69.520122,171,259.243816
-42.426486,35,259.280371
-135.46772,194,259.49262
-135.487212,201,259.694805
-169.10002,203,259.899455
-119.9953,198,260.098011
-93.7,57,260.158749
-117.030297,200,260.359194
-65.736068,48,260.408842
-141.292359,200,260.629067
-82.669905,198,260.83084
-69.863652,138,261.93076
-87.127864,194,262.129615
-85.3,83,262.212764
-45.29902,6,262.219068
-83.869048,179,262.398245
-78.357641,147,262.562969
-45.659153,4,262.567535
-69.988131,131,262.698703
-76.007447,153,262.852409
-58.976327,22,262.875371
-129.337941,205,263.082913
-80.749834,163,263.248442
-47.555676,12,263.260654
-78.186971,173,263.443254
-77.130094,148,263.614572
-117.091744,194,263.813324
-48.106493,10,263.824049
-83.58025,188,265.046825
-136.231368,199,265.254416
-62.79621,136,265.393416
-51.833312,24,265.417455
-118.049235,198,265.633272
-69.489658,174,265.814584
-151.436068,205,266.030147
-78.962278,158,266.201485
-98.311103,156,266.362246
-75.740627,197,266.560556
-72.070665,190,266.766154
-80.25267,149,266.917216
-86.221985,157,267.077713
-75.500505,159,268.290909
-71.769521,143,268.437241
-48.179546,4,268.441636
-119.138029,199,268.644549
-121.078552,196,268.859859
-73.154074,160,269.024622
60.4,188,269.214373
-71.776894,170,269.389643
59.9,192,269.581022
-76.493028,171,269.766453
-44.280383,6,269.772945
-63.770036,131,269.918681
-67.470977,195,270.123308
-61.658405,169,270.291948
-94.237722,35,270.328511
-119.223106,184,271.524897
-144.063932,206,271.730523
-69.365151,99,271.846469
-163.9,199,272.046894
-65.710064,165,272.212406
-167.1,204,272.417133
-117.4,198,272.616339
-69.651956,161,272.777564
-69.749288,172,273.135356
-99.88733,115,273.253237
-122.927191,46,273.299987
-65.817237,161,273.460559
-58.524965,16,273.476706
-69.462278,186,274.636191
-99.314214,201,274.845085
-64.389658,129,274.988448
-59.337742,13,275.002032
-67.798529,132,275.136869
-62.737742,144,275.280724
-73.232051,149,275.43289
-128.390022,203,275.640482
-104.12621,120,275.767961
-78.427475,165,275.93897
-70.6,188,276.145611
-70.497353,155,276.301104
-66.489658,154,276.458216
-136.50002,190,276.654056
-76.775815,161,277.77038
-88.756363,50,277.822231
-44.28114,6,277.829053
-70.296657,175,278.01984
-64.203878,134,278.161232
-44.761886,6,278.167548
-75.516625,175,278.341225
-65.649288,141,278.484136
-69.737742,184,278.672808
-67.52967,191,278.867208
-47.1953,4,278.871576
-51.3,9,278.883605
-81.3,180,279.08195
-135.754367,194,279.284164
-73.737205,109,279.393991
-66.08011,144,279.539387
-73.6,158,279.700887
-44.771264,50,279.752622
-67.791108,148,280.943359
-66.673907,124,281.069732
-67.938533,145,281.23357
-66.739958,177,281.411373
-95.624934,19,281.430779
-45.885627,4,281.435135
-46.775045,4,281.43948
-67.570382,171,281.610409
-64.038029,169,281.78528
-70.114214,148,281.932889
-77.416625,193,282.137899
-42.458899,6,282.144881
-78.536068,157,282.305627
-92.459595,43,282.349875
-81.200374,182,282.533537
-66.3,157,282.691695
-100.942727,158,282.85312
-75.463932,185,283.991858
-47.577785,4,283.996235
-68.568853,66,284.063609
-72.524761,144,284.23296
-75.84694,161,284.394592
-78.39492,171,284.565913
-66.616524,187,284.756448
-73.893427,173,284.927207
-62.163932,83,285.009808
-103.527191,50,285.063413
-86.2,179,285.258931
-63.496657,140,285.399946
-69.5953,189,285.588126
-125.483346,206,285.803278
-143.617837,202,286.960438
-74.399495,138,287.098004
-68.842237,156,287.272905
-63.429557,118,287.390974
-278.4,202,287.593325
-80.044615,192,287.787321
-89.762278,161,287.950882
-42.903253,37,287.988909
-70.687917,153,288.157057
-76.336957,165,288.327514
-64.569854,143,288.471
-116.3953,199,288.669194
-99.877226,36,288.705108
-66.1,138,288.845714
-61.758405,152,288.997294
-80.2,187,290.174905
-41.212402,6,290.182254
-128.670092,202,290.389428
-64.989904,184,290.575017
-78.262278,135,290.712158
-71.904465,158,290.878066
-89.695895,160,291.040243
-57.282576,16,291.056574
-134.074164,202,291.273407
-64.000068,138,291.412885
-75.006644,161,291.573254
-123.598246,198,291.7709
-130.917237,209,291.982486
-169.126775,201,293.133971
-68.786007,171,293.328821
-39.243884,24,293.35328
-66.8,142,293.495582
-64.444615,176,293.670598
-169.1,198,293.869814
-168.50002,197,294.066777
-81.314214,168,294.272189
-63.716625,162,294.468923
-74.970382,169,294.638395
-69.228932,157,294.795689
-123.261595,200,294.997319
-76.001961,180,295.176666
-67.100799,140,296.352312
-67.55797,155,296.510379
-64.08733,162,296.672542
-58.003289,71,296.744528
-82.526796,149,296.897746
-48.503226,16,296.91406
-144.9,198,297.11073
-72.67381,183,297.308094
-69.40098,19,297.327868
-68.605116,152,297.483644
-147.643651,199,297.684542
-91.629512,193,297.878763
-80.034268,151,298.030177
-70.051523,163,298.192841
-84.782576,188,299.375527
-74.0,190,299.567638
-69.700374,189,299.756931
-57.517699,68,299.82436
-113.194396,166,299.99823
-53.116954,14,300.012805
-67.024038,141,300.165182
-141.143651,203,300.385243
-66.272029,157,300.549809
-45.142609,6,300.556139
-77.333317,169,300.726223
-157.943634,39,300.766506
-45.416625,29,300.796283
-60.733874,170,300.978756
-107.7,181,301.158303
-77.7,16,301.174605
-80.954074,8,301.182942
-65.89296,179,301.380051
-68.875045,155,302.50119
-51.744184,13,302.515002
-98.872136,20,302.535453
-109.09902,187,302.724701
-119.523106,172,302.897639
-70.891796,182,303.079202
-67.134104,161,303.239701
-44.011073,6,303.245961
-66.93518,173,303.434617
-65.33518,166,303.602769
-87.914214,190,303.792513
-80.646274,141,303.934573
-72.345484,137,304.075726
-68.392771,178,304.258852
-133.081938,205,304.481806
-143.398529,198,305.654013
-169.014835,190,305.85721
-58.893444,11,305.868849
-185.117237,200,306.070731
-74.874599,181,306.249615
-64.773907,170,306.439035
-46.080277,7,306.446391
-45.227864,10,306.456765
-88.793427,155,306.616218
-110.162278,194,306.808448
-122.298246,196,307.006285
62.836068,171,307.181262
-86.520454,151,307.331004
-129.726775,198,307.548598
-124.893932,198,308.994879
-175.0,208,309.212972
-135.298246,196,309.413984
-79.976894,196,309.617398
-66.691796,154,309.788395
-122.828932,200,309.989859
-46.902466,5,309.995259
-68.827475,189,310.185746
-87.9,199,310.387608
-125.4,196,310.586095
-76.491108,151,310.751145
-66.822748,122,310.882617
-56.846376,13,310.896491
-55.518552,10,310.907215
-68.237087,142,312.010654
-64.156009,152,312.165743
-178.523106,211,312.374926
-118.238096,197,312.571853
-117.969999,201,312.792395
-72.290816,167,312.961395
-68.845604,159,313.119665
-80.837722,136,313.254812
-129.74479,199,313.4568
-182.633851,197,313.653898
-67.1,183,313.85967
-142.414214,197,315.040287
-46.84813,4,315.044712
-68.819981,152,315.199029
-63.3953,169,315.380005
-103.635761,71,315.454919
-49.777988,13,315.468198
-105.086661,81,315.552851
-67.936068,179,315.738806
-60.845624,150,316.150944
-62.298246,150,316.301861
-62.098529,127,316.430739
-86.3,184,316.622551
35.1,165,316.798036
-86.050124,60,316.858715
-44.494449,6,316.865073
-142.1,198,317.078561
-61.176621,82,317.163972
-150.508662,175,317.343787
-116.861595,194,318.566985
-68.680683,174,318.741509
-134.927864,187,318.932534
-64.420223,137,319.069504
-71.712003,173,319.271723
-118.375809,200,319.481684
-79.543274,24,319.5062
-67.216625,130,319.636533
-75.8,174,319.814254
-72.60881,154,319.97108
-66.568743,132,320.101771
-155.453658,205,320.328411
-65.828932,161,320.489654
-50.897064,38,320.528074
-68.09902,9,320.537487
-119.262278,194,321.743604
-67.146775,183,321.92739
-64.450124,151,322.077701
-64.253915,155,322.250475
-64.093028,106,322.359285
-72.763905,168,322.528867
-108.57379,150,322.679673
-71.824761,146,322.826489
46.936068,163,322.990865
-59.08975,90,323.08012
-45.362278,6,323.086443
-183.222876,216,323.326572
-49.161576,7,323.334405
-64.723106,167,323.511627
-67.412856,119,323.632022
-103.4,28,323.661666
-65.798246,185,324.959884
-136.869048,160,325.118669
-63.89621,158,325.277458
-60.028277,91,325.368582
-42.21342,26,325.410032
-75.470127,135,325.549164
-72.387079,152,325.703196
-66.293481,141,325.851244
-66.016459,124,325.981761
-45.012104,7,325.990367
-136.914214,195,326.186124
-76.3265,181,326.367239
-119.688897,167,326.552447
-78.9,69,326.621991
-65.334314,160,326.782209
-70.172136,31,326.81393
-73.578422,181,328.013258
-175.091108,180,328.197569
-75.362089,135,328.334105
-80.616954,199,328.560206
-119.808662,177,328.737934
-250.649288,206,328.946023
-70.625421,169,329.118702
-70.012104,156,329.279986
-73.205011,134,329.416521
-76.280557,161,329.601135
-111.6,182,329.785075
52.4,173,329.959699
61.436068,197,331.246625
-70.051142,161,331.413915
-68.0,161,331.576859
-77.528932,170,331.76586
-198.462278,208,331.976265
-58.266068,12,331.989615
-76.870414,149,332.139807
-72.33924,170,332.314449
-60.345624,157,332.472913
-48.151936,7,332.480288
-65.287948,116,332.596804
-70.957171,117,332.73249
-73.675579,124,332.861099
-205.12621,224,333.088356
-66.429473,165,334.250616
-114.449144,175,334.432557
-66.669054,172,334.612228
-78.761595,142,334.920227
-47.217294,4,334.925927
-64.65797,176,335.103844
-46.71025,4,335.108237
-114.52978,176,335.283933
-60.228932,131,335.414705
-106.323106,196,335.61558
-72.245604,134,335.75201
-72.875425,166,335.938755
-154.587038,202,336.144423
-74.5,128,336.27381
-70.358405,158,336.435475
-45.558911,7,336.443588
-52.178422,31,336.477174
-44.054639,6,336.483765
-107.585786,203,337.687961
-79.6,176,337.864392
-45.436068,6,337.870811
-131.5,197,338.241458
-70.517237,182,338.428917
-71.397425,156,338.591538
-132.6,197,338.793475
-69.411885,194,338.990052
-58.881511,149,339.154435
-75.170127,177,339.334064
-76.519535,158,339.495309
-143.498039,202,339.707422
-152.5,200,340.973787
-38.416694,33,341.008225
43.049876,200,341.223512
-48.792154,11,341.235559
-78.275425,136,341.37437
-65.822819,178,341.552593
-138.708146,198,341.754744
-120.319414,197,341.955753
-132.463932,196,342.151901
-63.338096,129,342.298285
-78.071068,60,342.36337
-64.814719,137,342.50051
-67.451142,118,342.619303
-115.627381,84,342.705835
-46.284227,4,342.710311
-111.284724,159,342.871434
