#{"t_start": 1764239192.7362602, "env_id": "CityDrone-v0"}
r,l,t
-29.161456,21,1.078234
-50.05,1,1.08059
-51.619237,42,1.206686
-53.25,5,1.222241
-50.6,22,1.313298
-52.15,3,1.318762
-51.105903,21,1.357906
-40.105461,29,1.414996
-52.2,4,1.425325
-50.05,1,1.427205
-31.237022,22,1.471636
513.642136,40,1.541225
-50.05,1,1.542716
-413.935141,127,1.776406
-45.571131,9,1.795032
-50.05,1,1.796739
-50.2,4,1.805471
-50.05,1,1.806908
-32.329439,32,1.876243
-38.296657,252,2.444874
-52.5,30,2.500996
-51.7,4,2.508746
-46.380283,10,2.528952
513.294272,23,2.572987
-50.05,1,2.579317
-50.05,1,2.581033
-50.05,1,2.58249
-22.529437,20,2.619405
-36.994272,21,2.66287
-50.05,1,2.664376
-50.2,4,2.675443
-132.859278,209,3.164007
416.932137,76,4.191602
-52.47033,4,4.200252
-42.0784,15,4.230252
-69.888007,56,4.404097
-123.698905,32,4.477402
-51.651961,57,4.585794
-49.65,3,4.592264
-48.833315,27,4.64216
-100.795326,208,5.017083
-45.46011,5,5.026419
-47.287104,3,5.030208
-44.15,3,5.036911
-47.493752,16,5.062971
-47.936135,8,5.079339
-46.5,20,5.113267
-50.05,1,5.11579
-50.05,1,5.117921
-25.497454,35,5.186786
-44.723379,3,5.193154
-51.15,3,5.196658
502.4,2,5.202118
511.1,28,5.321585
-50.05,1,5.324662
-50.05,1,5.340496
-44.154854,15,5.379884
-44.644109,25,5.434729
-29.386889,16,5.465731
-51.7,4,5.474606
-45.991892,4,5.479534
-33.479316,16,5.518053
-53.2,54,5.631875
-50.05,1,5.637629
-33.654238,31,5.709545
-47.125834,17,5.747096
-50.05,1,5.748647
-45.757671,3,5.756261
-26.678427,17,5.792865
-50.05,1,5.799455
-46.461103,5,5.811366
-35.999795,25,5.86905
-237.414081,299,7.84762
-47.505728,9,7.871446
-44.371573,4,7.882224
-47.178344,2,7.886574
-273.554845,405,8.738695
505.2094,84,8.951202
-47.043146,4,8.960349
-31.638096,16,8.991277
-50.6,2,8.996786
-35.721573,111,9.1849
-28.740763,12,9.205206
-50.6,2,9.210482
-50.9,8,9.222902
-44.489963,21,9.257273
-29.650423,16,9.288538
-50.05,1,9.290788
-51.019958,5,9.300419
-53.442423,9,9.315926
-30.2906,14,9.339454
505.35,3,9.346459
-34.848476,44,9.426166
-30.62036,19,9.461
-44.22033,49,9.546522
-34.411807,36,9.612915
537.970499,93,11.333653
518.1,8,11.361188
-30.161844,19,11.42704
-47.555419,4,11.436952
549.6,118,11.674307
-50.05,1,11.676455
-50.05,1,11.678056
-51.061103,57,11.778193
-49.65,3,11.78277
-43.698039,100,11.984178
-41.725445,21,12.022352
-50.05,1,12.023923
-29.178427,17,12.050494
-50.05,1,12.051948
-46.209278,6,12.064601
-28.340763,14,12.090305
-25.18978,55,12.187465
519.12033,23,12.236932
-20.554056,87,12.456484
-27.710401,30,12.516257
-24.484888,35,12.58237
-29.056951,27,12.63707
-50.05,1,12.639221
-19.862017,80,12.786968
-28.772136,26,12.847912
-45.343752,3,12.855317
-46.862985,33,12.918057
-42.1768,15,12.956734
-31.583827,26,13.010152
-42.696211,159,14.09944
-42.199713,21,14.146432
-41.318454,21,14.207416
-50.05,1,14.209836
521.87033,38,14.308797
-50.724515,2,14.312305
-50.05,1,14.314156
-46.703922,12,14.342346
-45.449713,16,14.369307
-32.914719,18,14.402976
-38.503592,25,14.446675
-33.611916,14,14.472218
522.649111,120,14.683854
523.05,9,14.701417
535.440722,33,14.762456
-52.406854,5,14.7715
518.244272,24,14.812123
-42.087674,399,15.657444
-44.7,54,15.771666
-47.310911,5,15.781326
-41.0,90,15.963339
-19.299869,121,17.785799
542.490722,72,17.978886
-49.65,3,17.982431
-30.795395,9,18.005815
-44.73923,17,18.034055
-21.976334,29,18.091391
-50.05,1,18.092855
-20.561103,357,18.750906
-38.743146,18,18.80316
-50.05,1,18.812074
-42.05,31,18.888649
504.8,4,18.899746
-33.589708,17,18.937483
-42.546491,17,18.969573
548.267962,102,19.141875
-35.633592,41,19.215688
-48.122136,3,19.223469
10.392072,308,21.366236
540.34126,65,21.644031
-24.325609,29,21.698022
-48.6,12,21.716747
502.95,1,21.721466
-36.471007,13,21.74134
-29.618454,17,21.772756
527.638007,19,21.806046
-45.503922,3,21.813322
-22.450249,11,21.833161
539.313111,72,21.973847
512.761103,9,21.986689
-49.25,5,21.995534
-23.680119,12,22.017063
-50.05,1,22.018516
-35.229926,7,22.029499
-47.500889,3,22.038139
-39.2,304,22.665403
518.815525,7,22.676622
-17.438688,66,22.792943
-45.298928,5,22.802513
542.253509,41,22.87773
-28.644531,15,22.91041
508.224555,2,22.914205
-35.186587,12,22.94381
540.966092,24,22.984229
-9.346491,103,23.168179
-83.824515,24,23.210728
-25.576334,11,23.230843
-21.6,32,24.530364
532.103509,24,24.578882
-50.05,1,24.580996
-43.871573,14,24.614734
-52.361103,3,24.62809
-25.186889,22,24.695174
-48.738084,73,24.970592
-50.05,1,24.972136
-45.328797,3,24.975637
-50.05,1,24.98012
-31.042752,19,25.00945
-15.287167,41,25.080381
-50.05,1,25.081876
-31.587022,9,25.097664
-50.05,1,25.099123
-31.068454,46,25.178924
511.8,4,25.186376
534.94899,27,25.229916
532.116092,21,25.264179
-25.24042,20,25.299367
-29.04059,26,25.347115
-45.411033,3,25.350631
-32.932133,22,25.390994
-31.604737,9,25.403902
-46.891373,3,25.410699
523.922205,10,25.42828
539.703509,32,25.487427
525.531546,14,25.51341
507.322136,3,25.519753
-23.464264,18,25.553371
-29.133188,9,25.576605
-26.767657,11,25.60099
-50.05,1,25.60669
-20.087167,17,25.642813
526.51077,12,25.670664
-38.934475,12,25.706367
537.6594,15,25.755018
-45.583007,3,25.760621
-47.78932,3,25.773411
-35.043009,9,25.806969
-34.000751,10,25.847802
-35.917307,10,25.876107
-50.05,1,25.878479
-45.903789,3,25.887064
-32.127031,13,25.910303
-29.394622,9,25.931158
504.95,1,25.932645
-52.311103,12,25.958753
-50.05,1,25.960499
-46.753879,3,25.965705
532.9094,10,25.98804
-66.9406,17,26.022099
525.6,8,26.036591
-50.05,1,26.042094
-33.139395,9,26.054851
-26.73923,17,26.091817
-25.15874,15,26.117089
-47.500889,3,26.120633
520.09126,10,26.146724
-44.121573,9,26.167895
-34.574803,10,26.189138
-47.650889,6,26.203308
-44.15,3,26.212162
-36.910232,12,26.23807
527.6,8,26.260635
-50.821573,3,26.267007
-50.05,1,26.268442
-34.491326,9,26.284358
517.42033,7,26.295919
533.59899,24,26.338085
-45.989274,3,26.341782
532.524555,136,26.588505
-40.45,49,27.559958
-27.167657,9,27.579561
528.21068,23,27.625199
-44.683661,3,27.629231
516.1,8,27.651573
-48.557864,4,27.664739
-44.7,4,27.67795
-28.522067,70,27.852978
531.670499,39,27.924291
-15.109891,403,28.717728
530.574515,31,28.801749
512.02681,31,28.86278
-39.807262,10,28.880557
522.542136,12,28.902127
-45.503789,5,28.912206
-24.29352,12,28.934332
-50.2,4,28.943392
-28.665729,19,28.97704
-48.194272,15,29.001552
-47.060589,3,29.005622
516.435281,21,29.044059
530.549751,11,29.061928
524.366408,21,29.096687
-24.760911,14,29.120465
-49.25,5,29.129309
504.8,4,29.136591
-25.434928,23,29.1759
-23.392195,13,29.198712
-50.05,1,29.200324
-47.37967,3,29.208545
505.9,2,29.211038
-25.753028,14,29.23508
-46.493146,3,29.238572
519.215525,9,29.254118
-46.686135,3,29.260717
-28.590763,9,29.27769
534.840659,14,29.30119
-58.76077,23,29.342391
578.994272,279,29.970231
-36.498039,46,30.049384
-25.160911,12,30.069793
502.95,1,30.07692
531.404651,26,30.12014
-36.504076,28,30.17141
-37.528427,24,30.212837
523.6,8,30.227615
-27.167657,9,30.243462
-50.05,1,30.244928
547.32681,35,30.305352
-44.862582,3,30.309059
-25.288715,14,30.334458
-25.95101,15,30.360546
-34.420737,9,30.378032
-45.321573,3,30.38476
511.25,5,30.393782
-22.719387,12,30.413188
512.796211,19,30.449029
535.09126,20,30.486215
-47.205728,3,30.489807
535.640659,18,30.530938
526.470499,13,30.561496
-34.491326,9,30.578867
-44.733592,3,30.588344
-49.878304,60,30.75304
-24.110911,21,30.806895
525.122205,16,30.839041
-23.680119,12,30.866752
-33.964719,9,30.886016
527.356248,39,30.961089
-39.928427,12,30.98481
-49.65,3,30.988502
521.049111,12,31.01377
529.289089,13,31.048319
-50.05,1,31.052683
-38.8,16,31.082448
522.406248,18,31.110306
-33.788627,9,31.126744
-31.857577,7,31.140522
-16.050249,283,32.112677
-30.803012,9,32.138986
-43.1,22,32.201498
-19.046491,17,32.240333
-26.37319,29,32.297298
514.474555,37,32.360248
-22.607864,85,32.508756
-47.060589,3,32.515187
534.11068,25,32.56304
-21.745011,24,32.601906
-47.205728,3,32.608871
512.996211,5,32.619425
-34.811916,8,32.635755
-31.218454,9,32.650125
537.538544,57,32.749865
520.749111,18,32.78164
-26.339708,12,32.806396
-35.078542,9,32.826682
536.103509,14,32.849549
-17.683908,17,32.881743
-35.642503,9,32.89792
-50.05,1,32.899366
-57.267863,30,32.961929
-27.683047,13,32.984926
-51.31022,5,32.998141
-45.708476,3,33.006857
-15.18932,21,33.064239
511.8,4,33.077514
-33.981841,9,33.113559
-43.172136,14,33.158485
-49.65,3,33.162495
-35.255233,7,33.180843
-50.05,1,33.183
-26.576192,18,33.221165
-33.329926,9,33.240224
-33.355233,9,33.258692
-19.509278,12,33.280414
524.722205,14,33.307473
514.75,5,33.31596
-50.05,1,33.317397
-33.981841,9,33.33413
522.366408,11,33.35191
534.69126,18,33.386706
512.446211,6,33.398032
-24.90101,24,33.439251
528.054651,13,33.472161
-50.05,1,33.473658
-50.6,2,33.476209
-39.838897,11,33.49729
-33.981841,9,33.513154
-24.011993,22,33.553032
524.572205,17,33.584065
-31.646491,9,33.602947
534.29126,16,33.632486
523.642136,10,33.64977
-27.167657,9,33.66796
541.609928,19,33.703082
529.5,10,33.719962
-44.230686,3,33.723713
529.688544,14,33.747939
-48.122136,3,33.754194
510.124555,4,33.759296
-31.696881,12,33.784034
-44.170048,3,33.787552
523.6,8,33.805265
-26.529437,10,33.823318
-35.23,8,33.83949
528.349751,15,33.866265
-35.078542,9,33.879147
-47.593146,5,33.888113
-46.493146,3,33.894881
518.765525,18,33.928574
522.222205,14,34.006837
-45.625882,3,34.015739
534.69126,18,34.050864
516.6,8,34.066415
-31.300249,8,34.088098
524.731546,10,34.114703
-50.05,1,34.11701
-50.05,1,34.119437
526.470499,13,34.160274
-29.957577,9,34.187495
-22.531477,12,34.21643
-33.054056,17,34.251547
538.0594,17,34.288641
525.883308,15,34.316803
-50.05,1,34.318271
-36.112902,9,34.3346
-45.370196,3,34.338059
-47.58978,3,34.346142
-29.957577,9,34.362825
-32.35,7,34.373914
-44.45,29,34.429398
523.6,8,34.446947
-33.329926,9,34.46078
-31.700889,7,34.475973
-33.969049,7,34.487533
-30.998496,9,34.503614
521.356248,9,34.519426
523.6,8,34.531611
-32.35,7,34.546429
529.5,10,34.564521
-47.58978,3,34.567992
-25.210911,13,34.593961
-37.756611,9,34.611143
520.061904,12,34.631672
540.523808,26,34.680268
-26.153028,12,34.703111
519.163708,13,34.725445
513.612698,20,34.758544
-32.056779,9,34.776682
511.961103,5,34.785613
523.642136,10,34.8037
-39.364224,10,34.82124
517.899111,15,34.849297
-20.958463,16,34.878286
-21.928427,12,34.901184
-47.657577,3,34.904626
-31.604737,9,34.920954
525.122205,16,34.950932
-47.37967,3,34.957455
525.638007,9,34.973152
-34.361993,9,34.994269
505.9,2,34.997534
-50.05,1,34.99898
514.185281,6,35.009857
515.898039,6,35.024279
528.873666,12,35.044582
505.9,2,35.047087
-23.282038,13,35.075584
-32.056779,9,35.108983
-21.928427,12,35.163723
-25.977795,18,35.258233
-28.937437,14,35.298707
-29.141863,8,35.313413
521.966408,9,35.339395
-50.05,1,35.341037
-353.911523,403,36.608187
-40.0,10,36.631758
508.85,3,36.637174
-30.274555,9,36.659261
517.82033,9,36.681582
-45.825445,3,36.688794
-45.1,12,36.711984
-21.268627,12,36.737663
519.313708,10,36.757907
-32.175712,31,36.829926
-25.447059,13,36.859236
-26.796491,12,36.892018
-45.389699,3,36.897454
-45.825445,3,36.907124
-37.200249,6,36.921313
-32.661916,15,36.959832
-23.829437,16,36.995587
-41.863912,7,37.014006
508.3,4,37.019925
-33.981841,9,37.041642
-36.910232,12,37.069738
-38.457744,9,37.084996
-45.524567,3,37.093325
525.883308,15,37.122029
-50.05,1,37.124408
519.261904,8,37.144669
-33.355233,9,37.162639
514.644272,6,37.176006
543.57681,20,37.22182
-45.335749,3,37.22619
-50.05,1,37.230763
521.742136,8,37.245213
-8.828427,400,38.081919
531.71068,13,38.109598
-34.914719,8,38.124485
-50.05,1,38.131167
-44.45,49,38.234532
-50.05,1,38.239561
-50.05,1,38.241265
-48.478427,3,38.244921
-44.276516,3,38.251466
-23.828676,12,38.275478
-15.45462,19,38.319551
534.788544,32,38.409288
-50.05,1,38.410794
528.604651,12,38.432714
-50.05,1,38.434209
520.311904,17,38.471969
-50.05,1,38.474873
-36.391326,7,38.493838
-25.862687,44,38.646234
522.366408,11,38.677389
533.097716,22,38.736701
532.047716,13,38.769796
-50.05,1,38.776484
-25.384928,12,38.813726
540.166092,20,38.96175
515.044272,8,38.982323
536.040659,20,39.029775
523.052941,23,39.069989
508.112497,20,39.105248
-50.05,1,39.106695
521.756248,11,39.133814
530.549751,11,39.159632
-30.778427,9,39.187194
523.523808,16,39.233817
-24.366795,13,39.271199
-39.972067,9,39.300023
-51.15,3,39.316315
-31.587022,9,39.339131
-34.411916,10,39.359021
527.504651,14,39.381278
-44.921573,5,39.390008
521.356248,9,39.406873
-31.132207,11,39.425525
-26.539195,12,39.448313
-46.65,23,39.4863
-43.945195,31,39.540777
-50.05,1,39.542732
-89.666842,400,40.353952
-47.657577,3,40.357434
-26.63592,23,40.399966
-29.466692,12,40.41964
-45.915282,12,40.442102
-38.724555,8,40.454112
538.4594,19,40.490645
518.561904,12,40.51476
526.55,9,40.53089
-27.52319,12,40.558889
-45.793146,39,40.636944
-22.531477,12,40.660529
-33.788627,9,40.685175
512.361103,7,40.697628
520.65,7,40.712666
-50.05,1,40.714193
-47.287104,3,40.718605
-28.837503,9,40.739765
523.19126,18,40.777908
526.870499,15,40.813558
-26.15101,29,40.879058
-29.834128,9,40.893087
-50.05,1,40.897805
-34.420737,9,40.911252
-35.078542,9,40.929348
-46.396211,3,40.9375
-32.056779,9,40.957266
-46.171573,10,40.979679
523.016408,18,41.050326
-28.587053,12,41.077574
-22.510911,19,41.111946
526.55,9,41.131993
-50.05,1,41.133454
519.661904,10,41.159316
-29.133188,9,41.193075
-47.78932,3,41.204109
520.65,7,41.223032
-50.05,1,41.225738
-37.619447,7,41.248633
-37.284475,9,41.277156
-22.918627,15,41.313446
515.044272,8,41.326568
534.71068,13,41.42621
532.45,11,41.476069
-204.664888,402,42.23594
525.41077,14,42.261062
-36.8,6,42.275363
530.549751,11,42.308049
-48.478427,3,42.313931
-31.436012,10,42.344555
-27.978633,12,42.382573
521.756248,11,42.412288
516.75,15,42.452043
517.45,11,42.477795
525.531546,14,42.502589
-33.964719,9,42.518108
-29.781773,12,42.537763
512.996211,5,42.547836
-32.982217,9,42.565209
-21.211456,42,42.639434
-37.134475,6,42.650861
-29.800889,9,42.673017
-19.667747,14,42.698154
-40.8,6,42.708561
515.252941,19,42.742296
516.47033,6,42.753334
-26.402018,13,42.778134
521.016408,8,42.790234
516.65,7,42.804528
517.7,6,42.814468
-45.327102,3,42.8212
-37.209278,6,42.832938
-44.036135,20,42.867941
-32.056779,9,42.88406
-31.057577,11,42.902149
-38.279803,19,42.93726
-45.355305,5,42.947247
529.7,16,42.975004
-33.329926,9,42.990761
-30.19632,9,43.00333
-31.95,9,43.018777
-24.566811,13,43.041077
-50.05,1,43.04258
-38.8,16,43.067984
511.8,4,43.075756
538.0594,17,43.114239
539.766092,18,43.193687
511.8,4,43.204134
-28.587053,12,43.227976
-42.839998,22,43.281494
-27.284344,8,43.300583
-50.05,1,43.302716
-45.864692,3,43.313497
-49.621573,9,43.342298
-49.65,3,43.348134
-25.447059,13,43.39323
516.65,7,43.410886
-14.9406,17,43.448981
-46.805728,5,43.461252
-28.587053,12,43.564978
530.373666,12,43.660419
-33.75,165,43.991209
-25.80101,12,44.010524
-50.05,1,44.012087
-50.05,1,44.01351
-22.319387,14,44.039352
518.815525,7,44.052852
6.425341,400,44.84496
511.8,4,44.849953
518.1,18,44.881718
514.644272,6,44.891081
-22.911456,16,44.919131
531.197716,20,44.954296
-26.539195,12,44.979306
-32.295602,9,44.994985
518.815525,7,45.005735
-13.046491,47,45.105311
524.431546,16,45.148056
505.9,2,45.150704
-44.15,3,45.158454
-49.25,5,45.168003
-50.05,1,45.169624
-50.05,1,45.171731
-50.05,1,45.173874
-26.926391,12,45.199361
-17.026192,17,45.227194
-32.877961,9,45.244626
523.11022,9,45.259939
520.649111,10,45.277352
505.9,2,45.280014
528.870563,22,45.316936
513.396211,7,45.331018
-47.287104,3,45.335044
-50.05,1,45.339566
-50.05,1,45.341518
508.85,3,45.346542
-27.347059,11,45.407079
-50.05,1,45.408554
526.55,9,45.428169
-26.153028,12,45.453406
530.088544,16,45.500913
-29.959639,12,45.544842
-50.05,1,45.5474
-25.86485,15,45.594446
-39.2,4,45.606827
512.65,37,45.695201
533.573666,28,45.758288
-28.1,12,45.785841
523.51022,11,45.810657
526.470499,13,45.839004
538.366092,86,46.023941
-50.05,1,46.0254
510.124555,4,46.033107
-50.05,1,46.034548
530.549751,11,46.052408
526.974515,13,46.077115
-177.5,400,46.882571
530.789089,13,46.915273
-50.05,1,46.916771
-17.026192,17,46.947232
-37.05895,6,46.957147
-42.075445,8,46.974462
-23.168627,10,46.993102
521.05,9,47.010795
-34.827031,7,47.024281
513.796211,9,47.048048
523.11022,9,47.076993
533.946078,19,47.131622
502.95,1,47.133969
-26.45,9,47.159868
512.361103,7,47.172806
-25.576192,18,47.212447
543.17681,18,47.246038
-45.903789,3,47.253214
-36.25,5,47.262447
-47.186508,3,47.265924
-45.321573,3,47.272506
526.574515,11,47.293196
-24.059341,12,47.315314
-28.136889,11,47.333436
-22.368627,14,47.365211
524.731546,10,47.389418
-50.05,1,47.3916
520.249111,8,47.404914
-32.907577,8,47.421231
-50.05,1,47.423386
510.85,3,47.432783
-50.05,1,47.434912
-46.050249,3,47.444517
515.044272,8,47.460995
-34.491326,9,47.481407
-46.899117,3,47.488117
-50.05,1,47.489558
-41.038897,5,47.498238
-47.060589,3,47.501965
-27.186889,12,47.534825
-25.160911,12,47.670384
-45.668757,3,47.681168
531.217962,13,47.715239
-40.715729,20,47.761938
525.520499,12,47.792845
522.5,10,47.815394
526.974515,13,47.844075
512.461103,15,47.884559
-24.522404,12,47.923542
522.156248,13,47.956342
515.748039,9,47.984142
528.41077,14,48.014356
524.731546,10,48.036174
534.847716,27,48.109263
-50.05,1,48.11552
-16.162208,15,48.155675
533.09899,14,48.218332
-45.621213,3,48.244318
-22.515155,12,48.277509
502.95,1,48.304506
-46.585704,3,48.310537
533.3,14,48.342588
521.742136,8,48.362514
-17.489708,15,48.39522
-50.05,1,48.397438
-24.780119,14,48.421269
-15.290072,27,48.500194
-54.02319,22,48.538746
-27.167657,9,48.556154
-28.904951,15,48.591692
-46.493146,3,48.601446
-50.05,1,48.602971
523.642136,10,48.622039
-44.378409,6,48.63403
-50.05,1,48.635528
524.65,7,48.650817
-39.109278,4,48.659986
-33.261993,7,48.673318
538.590659,29,48.723274
524.731546,10,48.740333
-25.160911,12,48.763627
-47.10128,3,48.770383
527.823808,20,48.811591
-30.886012,9,48.827765
-50.05,1,48.829229
-50.05,1,48.830776
-35.898273,8,48.846096
-47.205728,3,48.849774
-26.153028,12,48.872701
520.061904,12,48.89677
-47.10128,3,48.904225
-32.982217,9,48.919183
-37.18923,6,48.935127
-26.339708,12,48.956947
40.142136,400,49.732634
530.789089,13,49.755144
-24.118627,9,49.768702
-30.92319,10,49.78703
34.915693,400,50.658072
-50.05,1,50.664314
-24.566811,13,50.687909
521.356248,9,50.709744
532.417962,19,50.750835
532.017962,17,50.784294
521.356248,9,50.806804
521.356248,9,50.827652
531.4,12,50.853987
-23.097454,17,50.888771
519.261904,8,50.902014
-24.360911,16,50.931021
522.556248,15,50.969568
-45.567564,3,50.978846
505.9,2,50.982192
-32.927031,9,51.002176
-33.969049,7,51.020721
-45.450752,3,51.025783
524.322205,12,51.057565
-46.753879,3,51.063438
-45.354651,3,51.073679
-45.389699,3,51.082379
-48.122136,3,51.09485
512.994272,9,51.121602
-46.059278,3,51.128363
519.55,9,51.155677
-28.590763,9,51.187547
-20.174919,13,51.22164
-47.10128,3,51.226779
520.249111,8,51.244177
-50.05,1,51.245652
530.854651,27,51.295021
-31.700889,7,51.31063
-35.104926,9,51.326783
-25.80101,12,51.346346
529.288544,12,51.367015
-47.437214,3,51.373697
22.4,402,52.208719
-13.7406,23,52.259623
-50.05,1,52.261828
-52.446211,14,52.436941
502.95,1,52.438512
516.449111,4,52.446429
508.85,3,52.453071
521.756248,11,52.473357
525.131546,12,52.494807
519.661904,10,52.511832
525.531546,14,52.53739
-43.472136,40,52.607445
-45.622212,3,52.61527
527.788007,16,52.643924
-45.864692,3,52.648686
523.756248,21,52.689589
512.284271,20,52.723082
-26.153028,12,52.741752
-25.160911,12,52.760715
520.866408,11,52.784122
527.938007,13,52.807277
-35.642503,9,52.824
-32.295602,9,52.841616
-50.05,1,52.8433
521.966408,9,52.863609
-50.05,1,52.865182
-50.05,1,52.866695
-29.957577,9,52.882601
518.815525,7,52.893422
-50.05,1,52.898015
518.913708,8,52.909612
534.69126,18,52.942071
507.955844,20,52.977957
-33.486578,9,52.995013
504.728427,2,52.997582
-47.060589,3,53.003976
539.216092,19,53.03381
-42.546211,16,53.062645
-50.05,1,53.064164
-24.059341,12,53.087381
520.563111,17,53.121504
-26.466811,11,53.142629
-47.58978,3,53.14629
-50.05,1,53.150927
-35.822583,9,53.166413
-50.05,1,53.174161
531.989089,19,53.215032
-25.160911,12,53.248303
521.966408,9,53.274324
-50.05,1,53.277012
511.8,4,53.293372
-29.922136,9,53.316099
-25.218794,12,53.365073
-50.05,1,53.366716
-50.05,1,53.368972
522.022205,8,53.397317
-30.822136,7,53.417698
-793.108451,400,54.219084
504.728427,2,54.225268
-50.05,1,54.226708
-15.8906,16,54.255677
-32.927031,9,54.276979
-50.05,1,54.279084
511.8,4,54.28816
517.42033,7,54.304714
517.42033,7,54.327382
526.070499,11,54.362225
-28.852414,12,54.40493
-29.079639,11,54.429349
-36.664336,8,54.446726
514.185281,6,54.459354
-21.746491,11,54.481555
-45.903789,3,54.493928
-50.05,1,54.495497
513.235281,5,54.504327
-25.734879,12,54.526719
-45.74257,3,54.530462
525.992423,10,54.553033
-46.686135,3,54.560887
-24.664264,12,54.586627
-44.826192,3,54.595636
-46.938897,3,54.599788
-50.05,1,54.60417
533.7,16,54.635179
-35.661807,11,54.658026
-26.689195,15,54.686302
-47.657577,3,54.693208
-27.118794,10,54.709968
502.95,1,54.71162
518.815525,7,54.722254
-28.08932,9,54.73799
-25.160911,12,54.758314
-29.642752,11,54.785151
-47.287104,3,54.789287
528.89126,14,54.820936
521.416408,10,54.841801
533.7,16,54.87226
-23.680119,12,54.897206
-28.036889,19,54.931086
523.922205,10,54.950583
-19.446491,15,54.978045
-24.566811,13,55.002274
526.070499,11,55.019959
527.61077,10,55.037002
-46.047581,8,55.051643
-50.05,1,55.053086
534.366092,16,55.080062
-50.05,1,55.081555
522.366408,11,55.103545
-45.698928,3,55.10706
520.249111,8,55.12185
-44.15,3,55.125378
-22.261456,13,55.148381
-47.500889,3,55.154703
-25.037503,13,55.18003
-50.05,1,55.181492
-50.05,1,55.185809
-45.825445,3,55.189367
526.070499,11,55.207633
-26.153028,12,55.236644
-29.800889,9,55.254225
-22.719387,12,55.274787
514.644272,6,55.284702
520.65,7,55.301011
-28.587053,12,55.324102
518.115525,11,55.349341
-50.05,1,55.351576
-32.927031,9,55.379356
-47.205728,3,55.391384
-47.205728,3,55.398795
516.65,7,55.42063
534.71068,13,55.455472
516.65,7,55.473023
510.357248,21,55.523408
-46.938897,3,55.53255
539.366092,16,55.56866
530.549751,11,55.592251
-26.539195,12,55.614914
517.7,6,55.63255
527.388544,10,55.659205
520.242136,8,55.675474
-45.655863,3,55.684388
530.622205,36,55.756379
525.584271,134,56.027585
514.75,5,56.03718
-36.115381,9,56.052605
505.9,2,56.055097
525.531546,14,56.081822
-50.05,1,56.083283
517.42033,7,56.096345
522.616408,16,56.128444
528.17681,18,56.157031
525.6,8,56.175257
532.94126,13,56.196317
-47.500889,3,56.202751
-17.690072,15,56.229247
-47.500889,3,56.23558
536.103509,14,56.256692
509.856854,6,56.735051
513.05,9,56.750327
524.731546,10,56.770278
-21.23932,12,56.796195
526.792423,14,56.825697
-58.049751,39,56.929581
-29.957577,9,56.965375
-23.389708,13,57.009184
-25.80101,12,57.041852
502.95,1,57.043319
-47.500889,3,57.051605
551.01068,87,57.202716
531.717962,23,57.24288
-23.065155,13,57.26613
-22.515155,12,57.28943
-29.867863,12,57.30857
528.739089,14,57.33326
-49.65,3,57.339626
-34.491326,9,57.355742
525.531546,14,57.378273
-47.657577,3,57.385854
-27.186889,12,57.405701
-50.05,1,57.409993
518.815525,7,57.421458
521.756248,11,57.439863
526.470499,13,57.466141
-26.926391,12,57.488664
-25.80101,12,57.510369
-30.436005,12,57.529317
517.42033,7,57.540086
533.3,14,57.566662
-47.205728,3,57.573482
-26.539195,12,57.593023
-46.493146,3,57.602778
-19.259278,17,57.633721
-50.05,1,57.635233
-26.767657,11,57.656716
529.254651,19,57.689217
521.356248,9,57.705396
514.75,5,57.713981
523.922205,10,57.73691
-29.394622,9,57.754447
-50.05,1,57.756114
510.124555,4,57.765972
524.731546,10,57.78504
-45.335749,3,57.792508
520.249111,8,57.806185
-50.6,2,57.813644
-50.05,1,57.816174
-46.059278,3,57.821596
-37.157864,6,57.843687
509.574555,5,57.85788
-45.130283,5,57.87443
532.047716,13,57.919114
533.89126,14,57.956732
-24.260911,14,57.989691
-47.500889,3,57.994735
-17.690072,15,58.031744
-25.987503,12,58.057028
-37.134475,6,58.067934
530.789089,13,58.095811
-19.752284,19,58.12626
-30.796211,81,58.279794
525.09126,10,58.302217
523.922205,10,58.318945
502.95,1,58.320435
533.3,14,58.346409
-401.488639,94,58.523497
-24.738111,12,58.547398
534.453509,17,58.581297
531.217962,13,58.605658
-17.840072,18,58.640423
-45.668757,3,58.651763
529.5,10,58.67108
-49.8,6,58.681744
523.003509,16,58.708001
-29.867863,12,58.730378
-50.05,1,58.731855
-47.500889,3,58.738587
529.688544,14,58.805207
-50.05,1,58.810534
515.348039,7,58.823432
505.9,2,58.826165
519.261904,8,58.841768
502.95,1,58.843458
-37.247059,9,58.868288
528.024515,22,58.920166
530.373666,12,58.961174
526.609928,19,59.019937
528.604651,12,59.044197
-35.34681,9,59.066666
523.209928,17,59.100543
519.956248,17,59.130835
519.661904,10,59.148494
-50.05,1,59.149957
-38.159278,5,59.158691
530.549751,11,59.180371
-34.43,12,59.199432
-38.626436,8,59.214646
530.549751,11,59.232272
530.789089,13,59.254961
-50.05,1,59.256397
-24.83932,14,59.28288
-27.186889,12,59.30304
521.842136,16,59.330997
-47.58978,3,59.33824
-28.692752,12,59.360248
-34.704926,11,59.385575
-60.836215,21,59.421252
-22.000971,400,60.226821
533.122205,56,60.320974
529.5,10,60.338819
-33.905233,10,60.356642
516.05,9,60.373876
522.366408,11,60.394954
509.407248,20,60.432496
529.688544,14,60.463084
518.209928,17,60.495667
-33.981841,9,60.511062
-21.23932,12,60.534255
-28.466811,11,60.558693
-25.447059,13,60.584146
-45.071573,8,60.602741
-24.059341,12,60.623762
515.044272,8,60.643566
-35.189708,9,60.662853
529.131546,32,60.727909
538.19126,28,60.787509
505.9,2,60.791075
520.65,7,60.85363
-30.886012,9,60.874461
-26.41485,16,60.911184
550.520499,122,61.21056
-50.05,1,61.212241
-32.982217,9,61.229151
534.71068,13,61.249319
-27.186889,12,61.271173
524.861904,36,61.336403
536.103509,14,61.36104
512.361103,7,61.374263
502.95,1,61.375733
-34.491326,9,61.393369
530.174515,29,61.449831
-25.939708,14,61.47465
-23.222583,17,61.502682
-27.978633,12,61.524796
-24.264264,14,61.547301
523.11022,9,61.5641
-32.311993,8,61.579679
506.3,4,61.587469
-26.786005,19,61.617191
-50.05,1,61.621773
-47.753922,3,61.625297
531.990722,12,61.651069
-25.037503,13,61.672571
-22.531477,12,61.695687
493.084271,24,61.733763
533.7,16,61.762763
-50.05,1,61.764283
528.65,7,61.775274
-22.171047,13,61.800852
523.11022,9,61.817465
543.17681,18,61.856221
531.796078,12,61.885052
-50.05,1,61.886525
-43.880244,54,62.050268
-45.668757,3,62.056692
-27.803912,12,62.092349
-47.005419,3,62.096064
519.261904,8,62.112092
-45.755305,3,62.116828
523.922205,10,62.141871
-38.747059,9,62.157958
-46.899117,3,62.165944
-50.05,1,62.168033
-50.05,1,62.170272
-50.05,1,62.172186
518.311904,7,62.18742
-22.813022,13,62.207504
-37.064336,6,62.220251
536.103509,14,62.240848
520.249111,8,62.256267
-50.05,1,62.25771
527.388544,10,62.274467
-50.05,1,62.275896
-30.686005,7,62.291531
516.47033,6,62.301605
-50.05,1,62.303067
521.96022,12,62.324986
510.124555,4,62.329805
-16.409025,17,62.360998
-33.981841,9,62.37717
510.124555,4,62.382264
-45.432368,3,62.38936
521.416408,10,62.407333
-30.490763,7,62.4187
-50.05,1,62.423115
532.81068,11,62.44235
516.65,7,62.455391
-28.975565,9,62.473005
524.731546,10,62.491159
-20.887167,13,62.514118
-50.05,1,62.515563
524.731546,10,62.533204
-50.05,1,62.534674
514.185281,6,62.544154
-50.05,1,62.545644
-34.068454,6,62.55872
-24.630119,11,62.578015
-47.186508,3,62.583117
511.961103,5,62.592373
-23.680119,12,62.615963
-22.797454,11,62.635829
-29.086889,10,62.65486
518.75,5,62.664424
-46.641373,8,62.682468
-47.10128,3,62.686068
-43.086135,21,62.72001
-16.809025,15,62.744361
-26.422385,11,62.766226
-50.05,1,62.767791
-44.653872,3,62.771284
-50.05,1,62.775712
521.742136,8,62.789655
-50.05,1,62.791552
-21.279437,15,62.819408
-25.614485,16,62.913618
-46.585704,3,62.918309
-21.078427,15,62.946738
530.789089,13,62.979076
504.178427,3,62.984633
-50.05,1,62.990454
-47.060589,3,62.995788
-47.58978,3,63.006233
-45.668757,3,63.011023
529.288544,12,63.051721
-50.05,1,63.054019
-50.05,1,63.056642
-50.05,1,63.059329
-46.686135,3,63.070554
-47.287104,3,63.081669
526.070499,11,63.111373
523.922205,10,63.138125
-23.481414,12,63.162405
-33.538627,14,63.194566
525.120499,10,63.211482
-21.488828,13,63.235142
526.574515,11,63.252906
518.815525,7,63.263641
522.366408,11,63.282564
-50.05,1,63.288005
-46.493146,3,63.29473
529.5,10,63.318826
525.992423,10,63.344544
-50.05,1,63.346321
-50.05,1,63.351058
521.356248,9,63.36457
-50.05,1,63.369702
514.75,5,63.37827
-25.783047,15,63.406494
-50.05,1,63.407954
517.42033,7,63.419318
532.047716,13,63.447744
-29.800889,9,63.468368
528.609928,19,63.498642
-9.630045,41,63.572247
525.992423,10,63.589746
-188.361161,52,63.689091
-45.145481,3,63.697664
516.65,7,63.708438
530.789089,13,63.736173
521.742136,8,63.748057
523.642136,10,63.764925
520.15,17,63.798734
537.6594,15,63.826048
514.75,5,63.836632
-327.028676,156,64.197131
526.55,9,64.217629
526.974515,13,64.358736
502.95,1,64.360765
-33.355233,9,64.406039
525.992423,10,64.426954
-25.988715,18,64.469758
521.356248,9,64.489282
516.6,8,64.501157
-50.05,1,64.502587
-47.186508,3,64.508873
-35.63,6,64.519178
-25.31485,14,64.545565
-50.05,1,64.547165
-17.426192,15,64.574777
-47.437214,3,64.582803
-24.738111,12,64.604089
-45.622212,3,64.610599
-19.740072,16,64.638966
-46.396211,3,64.645331
507.322136,3,64.650273
527.520499,22,64.693808
-46.493146,3,64.697606
526.55,9,64.714053
-24.738111,12,64.732779
508.85,3,64.73909
-33.329926,9,64.754555
525.920499,14,64.781708
483.212698,28,64.831616
541.763111,23,64.87208
-50.05,1,64.873539
-44.683661,3,64.88001
-35.498476,7,64.890497
-28.439195,10,64.907327
-37.05895,6,64.918179
-32.182217,13,64.942694
529.9,12,64.963875
529.288544,12,64.987248
-23.680119,12,65.00678
521.756248,11,65.027233
-50.05,1,65.029187
-33.598476,9,65.045289
525.120499,10,65.061766
521.356248,9,65.137204
-50.05,1,65.138651
502.95,1,65.140104
-50.05,1,65.145151
528.359928,14,65.17201
510.124555,4,65.182114
530.549751,11,65.201951
521.966408,9,65.222951
520.65,7,65.240638
-30.998496,9,65.261403
-28.985466,12,65.303355
-50.05,1,65.305772
-27.813022,13,65.344652
-50.05,1,65.348319
-32.982217,9,65.377724
533.630613,15,65.419829
521.742136,8,65.43819
-29.953028,8,65.455285
-50.05,1,65.456888
-47.500889,3,65.464025
-27.835542,15,65.497547
-29.42319,10,65.515738
530.204651,20,65.560551
535.2094,14,65.587539
-50.05,1,65.592708
-50.05,1,65.594978
-34.436578,8,65.610991
527.192423,16,65.646941
520.65,7,65.663051
-47.710911,3,65.67199
-45.503922,3,65.676445
538.14126,39,65.757535
-26.539195,12,65.779265
517.42033,7,65.798558
-27.060911,10,65.818927
-31.361993,9,65.844044
-30.986889,8,65.859796
-34.340072,8,65.87802
-46.093146,5,65.888805
-21.528427,24,65.935956
516.148039,11,65.963939
523.772205,13,65.989395
-20.696491,10,66.01073
-33.981841,9,66.031118
512.284271,20,66.066702
-28.587053,12,66.092899
521.816408,12,66.111572
-36.55101,7,66.122977
544.77681,26,66.179945
507.9,2,66.182554
-27.876391,11,66.200477
-23.960911,18,66.238847
-33.788627,9,66.256261
523.222205,14,66.278693
512.482137,15,66.308068
523.11022,9,66.329262
-47.186508,3,66.339503
-25.71485,12,66.368177
-45.321573,3,66.379451
-50.05,1,66.3818
-42.836292,33,66.485422
-50.05,1,66.486957
-50.05,1,66.488694
521.742136,8,66.511146
-34.906779,6,66.525472
-28.537503,13,66.554549
-23.484344,12,66.581643
-50.05,1,66.583316
-50.05,1,66.585121
-23.389708,13,66.611633
-50.6,2,66.615136
520.913708,18,66.651862
-46.493146,3,66.655606
535.640659,18,66.690559
-25.009341,11,66.70898
-46.686135,3,66.715582
-25.037503,13,66.735446
-47.10128,3,66.741748
533.3,14,66.765898
-47.437214,3,66.770059
-47.205728,3,66.776718
-23.680119,12,66.801385
-50.05,1,66.806957
-46.899117,3,66.811765
-25.037503,13,66.839162
-41.038897,5,66.849859
-28.386005,11,66.874678
-32.056779,9,66.894378
516.6,8,66.906252
-47.205728,3,66.912518
524.170499,9,66.933148
-26.339708,12,66.954722
-44.15,3,66.961667
-34.491326,9,66.980547
528.370563,12,67.000201
524.65,7,67.011076
-23.680119,12,67.035702
-49.65,3,67.039207
-50.05,1,67.043444
-29.88978,9,67.056475
520.649111,10,67.074321
-16.319027,18,67.107974
531.189089,15,67.133544
524.731546,10,67.149964
-32.982217,9,67.166926
526.61068,15,67.195306
517.42033,7,67.20603
-29.629639,12,67.22777
-47.205728,3,67.231425
-1117.126192,379,68.06018
-37.081456,6,68.070327
510.124555,4,68.078002
-24.676334,13,68.101518
-46.414692,4,68.106047
-28.464264,8,68.120832
510.124555,4,68.128248
504.728427,2,68.130961
534.203509,12,68.152413
-41.275445,12,68.174651
510.124555,4,68.183146
518.815525,7,68.193487
514.75,5,68.202216
-25.71485,12,68.223756
-50.05,1,68.225201
-25.296491,12,68.244215
-33.661456,11,68.261739
-50.05,1,68.266267
-45.327102,3,68.269927
-50.6,2,68.27527
527.904651,16,68.309178
-37.05895,6,68.322487
534.54126,21,68.372809
528.889089,11,68.402456
-50.05,1,68.410159
-50.05,1,68.412836
514.798039,8,68.436281
-35.104926,9,68.493907
514.644272,6,68.525834
-36.139708,8,68.559439
521.966408,9,68.585724
-25.218794,12,68.616644
541.366092,26,68.672119
-50.05,1,68.677787
523.642136,10,68.698535
-26.153028,12,68.717917
523.622205,16,68.743877
-50.05,1,68.745323
-39.598446,11,68.767013
-50.05,1,68.768711
516.65,7,68.781795
524.322205,12,68.811991
-47.060589,3,68.81805
528.604651,12,68.844699
-46.96077,47,68.928711
520.649111,10,68.949383
-47.10128,3,68.958814
-37.2,4,68.964139
521.016408,8,68.979349
-45.530283,3,68.985985
-50.05,1,68.987414
514.185281,6,68.997041
527.374515,15,69.023255
526.974515,13,69.048099
35.972136,400,70.245134
-50.05,1,70.246599
-28.359278,9,70.263496
-16.997746,15,70.292736
-34.25462,15,70.318264
-36.941326,8,70.331248
47.545292,400,71.183104
-50.05,1,71.184571
-25.71485,12,71.206278
-24.760911,14,71.230006
529.542136,32,71.286739
-25.876192,14,71.311713
-24.110911,11,71.329334
-413.767863,400,72.542209
-50.05,1,72.543835
-45.411033,3,72.551944
-22.141523,21,72.596678
-33.598476,9,72.618166
-19.314264,35,72.686514
-22.115155,14,72.71051
-25.31485,14,72.732554
536.466092,24,72.774318
-42.188096,7,72.789006
-26.539195,12,72.808132
-51.6,2,72.810595
520.249111,8,72.8262
502.95,1,72.827658
-27.12319,14,72.853324
-32.561456,9,72.869313
525.131546,12,72.887979
-22.3383,26,72.932075
52.560117,400,73.76063
-27.52319,12,73.790033
-34.491326,9,73.811429
-25.781414,8,73.826148
505.9,2,73.832309
565.41068,159,74.116757
514.75,5,74.126365
-44.15,3,74.133381
-27.186889,12,74.152085
-28.33923,9,74.168462
533.890722,14,74.659242
-19.710911,43,74.755484
-25.23932,12,74.789038
569.962497,203,75.263151
530.488544,18,75.294748
-35.300121,9,75.310333
-50.05,1,75.311768
522.766408,13,75.33695
-35.642503,9,75.354177
-50.05,1,75.355655
-29.434128,11,75.374868
-36.800249,8,75.390339
521.385281,42,75.461503
-27.28923,8,75.47927
-24.522404,12,75.500048
-47.58978,3,75.506263
-24.760911,14,75.529316
516.185281,16,75.561436
-47.657577,3,75.565724
536.31068,21,75.608211
519.713708,12,75.635811
-50.05,1,75.637384
-26.690072,15,75.668532
514.644272,6,75.682198
-23.389708,13,75.712477
527.538007,11,75.741783
520.249111,8,75.76314
-33.788627,9,75.780665
526.831546,28,75.856227
-37.411807,6,75.874109
-50.05,1,75.877275
514.196211,11,75.918423
519.261904,8,75.940365
-50.05,1,75.942923
-50.05,1,75.953693
530.549751,11,76.002613
508.85,3,76.007759
530.773666,14,76.044727
-25.688715,12,76.127742
-50.05,1,76.13082
533.340659,14,76.204749
-21.268627,12,76.245983
528.370563,12,76.267594
-50.05,1,76.272392
523.231546,10,76.292604
536.103509,14,76.314088
527.61077,10,76.332692
-25.922583,11,76.354665
530.549751,11,76.374052
-46.938897,3,76.377898
518.913708,8,76.393061
-29.957577,9,76.409607
-44.3,16,76.438852
-22.813022,13,76.464127
519.261904,8,76.47891
-50.05,1,76.480365
528.604651,12,76.50318
-28.483047,9,76.51884
-37.064336,6,76.529335
-47.060589,3,76.532933
-30.900889,11,76.556215
-47.060589,3,76.559698
-46.396211,3,76.566817
519.261904,8,76.580416
-23.1,12,76.605157
-26.539195,12,76.625526
-50.05,1,76.626999
-25.80101,12,76.651504
-50.05,1,76.653356
-44.7,14,76.682373
-30.259278,7,76.692982
